snapshot_date,material_id,qty_unit,inventory_qty,safety_stock
2025-01-01,MAT-001,ea,402,200
2025-01-02,MAT-001,ea,379,200
2025-01-03,MAT-001,ea,346,200
2025-01-04,MAT-001,ea,337,200
2025-01-05,MAT-001,ea,317,200
2025-01-06,MAT-001,ea,279,200
2025-01-07,MAT-001,ea,262,200
2025-01-08,MAT-001,ea,385,200
2025-01-09,MAT-001,ea,364,200
2025-01-10,MAT-001,ea,359,200
2025-01-11,MAT-001,ea,322,200
2025-01-12,MAT-001,ea,298,200
2025-01-13,MAT-001,ea,280,200
2025-01-14,MAT-001,ea,269,200
2025-01-15,MAT-001,ea,401,200
2025-01-16,MAT-001,ea,372,200
2025-01-17,MAT-001,ea,344,200
2025-01-18,MAT-001,ea,322,200
2025-01-19,MAT-001,ea,311,200
2025-01-20,MAT-001,ea,291,200
2025-01-21,MAT-001,ea,274,200
2025-01-22,MAT-001,ea,395,200
2025-01-23,MAT-001,ea,369,200
2025-01-24,MAT-001,ea,342,200
2025-01-25,MAT-001,ea,334,200
2025-01-26,MAT-001,ea,317,200
2025-01-27,MAT-001,ea,278,200
2025-01-28,MAT-001,ea,265,200
2025-01-29,MAT-001,ea,403,200
2025-01-30,MAT-001,ea,381,200
2025-01-31,MAT-001,ea,344,200
2025-02-01,MAT-001,ea,333,200
2025-02-02,MAT-001,ea,314,200
2025-02-03,MAT-001,ea,279,200
2025-02-04,MAT-001,ea,269,200
2025-02-05,MAT-001,ea,401,200
2025-02-06,MAT-001,ea,379,200
2025-02-07,MAT-001,ea,361,200
2025-02-08,MAT-001,ea,331,200
2025-02-09,MAT-001,ea,314,200
2025-02-10,MAT-001,ea,287,200
2025-02-11,MAT-001,ea,272,200
2025-02-12,MAT-001,ea,384,200
2025-02-13,MAT-001,ea,367,200
2025-02-14,MAT-001,ea,355,200
2025-02-15,MAT-001,ea,339,200
2025-02-16,MAT-001,ea,310,200
2025-02-17,MAT-001,ea,292,200
2025-02-18,MAT-001,ea,260,200
2025-02-19,MAT-001,ea,388,200
2025-02-20,MAT-001,ea,363,200
2025-02-21,MAT-001,ea,353,200
2025-02-22,MAT-001,ea,321,200
2025-02-23,MAT-001,ea,299,200
2025-02-24,MAT-001,ea,288,200
2025-02-25,MAT-001,ea,263,200
2025-02-26,MAT-001,ea,390,200
2025-02-27,MAT-001,ea,371,200
2025-02-28,MAT-001,ea,350,200
2025-03-01,MAT-001,ea,325,200
2025-03-02,MAT-001,ea,300,200
2025-03-03,MAT-001,ea,279,200
2025-03-04,MAT-001,ea,267,200
2025-03-05,MAT-001,ea,390,200
2025-03-06,MAT-001,ea,364,200
2025-03-07,MAT-001,ea,350,200
2025-03-08,MAT-001,ea,337,200
2025-03-09,MAT-001,ea,318,200
2025-03-10,MAT-001,ea,296,200
2025-03-11,MAT-001,ea,261,200
2025-03-12,MAT-001,ea,386,200
2025-03-13,MAT-001,ea,364,200
2025-03-14,MAT-001,ea,357,200
2025-03-15,MAT-001,ea,334,200
2025-03-16,MAT-001,ea,317,200
2025-03-17,MAT-001,ea,284,200
2025-03-18,MAT-001,ea,271,200
2025-03-19,MAT-001,ea,403,200
2025-03-20,MAT-001,ea,375,200
2025-03-21,MAT-001,ea,341,200
2025-03-22,MAT-001,ea,323,200
2025-03-23,MAT-001,ea,301,200
2025-03-24,MAT-001,ea,282,200
2025-03-25,MAT-001,ea,260,200
2025-03-26,MAT-001,ea,390,200
2025-03-27,MAT-001,ea,369,200
2025-03-28,MAT-001,ea,346,200
2025-03-29,MAT-001,ea,322,200
2025-03-30,MAT-001,ea,306,200
2025-03-31,MAT-001,ea,281,200
2025-01-01,MAT-002,kg,409.046,212.000
2025-01-02,MAT-002,kg,392.815,212.000
2025-01-03,MAT-002,kg,377.096,212.000
2025-01-04,MAT-002,kg,350.459,212.000
2025-01-05,MAT-002,kg,335.230,212.000
2025-01-06,MAT-002,kg,321.941,212.000
2025-01-07,MAT-002,kg,306.380,212.000
2025-01-08,MAT-002,kg,286.395,212.000
2025-01-09,MAT-002,kg,413.595,212.000
2025-01-10,MAT-002,kg,397.688,212.000
2025-01-11,MAT-002,kg,385.698,212.000
2025-01-12,MAT-002,kg,366.972,212.000
2025-01-13,MAT-002,kg,336.240,212.000
2025-01-14,MAT-002,kg,320.052,212.000
2025-01-15,MAT-002,kg,298.002,212.000
2025-01-16,MAT-002,kg,284.883,212.000
2025-01-17,MAT-002,kg,415.314,212.000
2025-01-18,MAT-002,kg,387.869,212.000
2025-01-19,MAT-002,kg,384.363,212.000
2025-01-20,MAT-002,kg,349.140,212.000
2025-01-21,MAT-002,kg,340.616,212.000
2025-01-22,MAT-002,kg,311.296,212.000
2025-01-23,MAT-002,kg,299.298,212.000
2025-01-24,MAT-002,kg,273.949,212.000
2025-01-25,MAT-002,kg,427.742,212.000
2025-01-26,MAT-002,kg,406.413,212.000
2025-01-27,MAT-002,kg,378.022,212.000
2025-01-28,MAT-002,kg,361.878,212.000
2025-01-29,MAT-002,kg,342.663,212.000
2025-01-30,MAT-002,kg,307.921,212.000
2025-01-31,MAT-002,kg,297.086,212.000
2025-02-01,MAT-002,kg,269.681,212.000
2025-02-02,MAT-002,kg,409.026,212.000
2025-02-03,MAT-002,kg,390.328,212.000
2025-02-04,MAT-002,kg,368.883,212.000
2025-02-05,MAT-002,kg,355.563,212.000
2025-02-06,MAT-002,kg,344.768,212.000
2025-02-07,MAT-002,kg,320.001,212.000
2025-02-08,MAT-002,kg,290.453,212.000
2025-02-09,MAT-002,kg,274.921,212.000
2025-02-10,MAT-002,kg,423.944,212.000
2025-02-11,MAT-002,kg,405.741,212.000
2025-02-12,MAT-002,kg,378.993,212.000
2025-02-13,MAT-002,kg,350.057,212.000
2025-02-14,MAT-002,kg,335.710,212.000
2025-02-15,MAT-002,kg,327.440,212.000
2025-02-16,MAT-002,kg,306.622,212.000
2025-02-17,MAT-002,kg,288.129,212.000
2025-02-18,MAT-002,kg,426.256,212.000
2025-02-19,MAT-002,kg,405.360,212.000
2025-02-20,MAT-002,kg,385.555,212.000
2025-02-21,MAT-002,kg,348.799,212.000
2025-02-22,MAT-002,kg,342.090,212.000
2025-02-23,MAT-002,kg,319.345,212.000
2025-02-24,MAT-002,kg,305.222,212.000
2025-02-25,MAT-002,kg,271.368,212.000
2025-02-26,MAT-002,kg,410.393,212.000
2025-02-27,MAT-002,kg,405.527,212.000
2025-02-28,MAT-002,kg,371.701,212.000
2025-03-01,MAT-002,kg,363.768,212.000
2025-03-02,MAT-002,kg,340.115,212.000
2025-03-03,MAT-002,kg,325.787,212.000
2025-03-04,MAT-002,kg,298.104,212.000
2025-03-05,MAT-002,kg,281.312,212.000
2025-03-06,MAT-002,kg,426.644,212.000
2025-03-07,MAT-002,kg,398.587,212.000
2025-03-08,MAT-002,kg,377.879,212.000
2025-03-09,MAT-002,kg,366.236,212.000
2025-03-10,MAT-002,kg,328.408,212.000
2025-03-11,MAT-002,kg,326.290,212.000
2025-03-12,MAT-002,kg,300.058,212.000
2025-03-13,MAT-002,kg,279.656,212.000
2025-03-14,MAT-002,kg,425.940,212.000
2025-03-15,MAT-002,kg,401.374,212.000
2025-03-16,MAT-002,kg,385.717,212.000
2025-03-17,MAT-002,kg,347.508,212.000
2025-03-18,MAT-002,kg,338.953,212.000
2025-03-19,MAT-002,kg,321.561,212.000
2025-03-20,MAT-002,kg,292.603,212.000
2025-03-21,MAT-002,kg,284.961,212.000
2025-03-22,MAT-002,kg,417.667,212.000
2025-03-23,MAT-002,kg,398.607,212.000
2025-03-24,MAT-002,kg,380.154,212.000
2025-03-25,MAT-002,kg,348.997,212.000
2025-03-26,MAT-002,kg,335.957,212.000
2025-03-27,MAT-002,kg,316.769,212.000
2025-03-28,MAT-002,kg,306.958,212.000
2025-03-29,MAT-002,kg,274.175,212.000
2025-03-30,MAT-002,kg,419.381,212.000
2025-03-31,MAT-002,kg,390.040,212.000
2025-01-01,MAT-003,m,449.214,224.000
2025-01-02,MAT-003,m,425.362,224.000
2025-01-03,MAT-003,m,412.917,224.000
2025-01-04,MAT-003,m,380.002,224.000
2025-01-05,MAT-003,m,362.585,224.000
2025-01-06,MAT-003,m,338.863,224.000
2025-01-07,MAT-003,m,336.984,224.000
2025-01-08,MAT-003,m,319.802,224.000
2025-01-09,MAT-003,m,296.689,224.000
2025-01-10,MAT-003,m,438.695,224.000
2025-01-11,MAT-003,m,416.235,224.000
2025-01-12,MAT-003,m,411.557,224.000
2025-01-13,MAT-003,m,382.603,224.000
2025-01-14,MAT-003,m,372.982,224.000
2025-01-15,MAT-003,m,354.543,224.000
2025-01-16,MAT-003,m,319.439,224.000
2025-01-17,MAT-003,m,319.029,224.000
2025-01-18,MAT-003,m,302.090,224.000
2025-01-19,MAT-003,m,445.809,224.000
2025-01-20,MAT-003,m,418.837,224.000
2025-01-21,MAT-003,m,410.789,224.000
2025-01-22,MAT-003,m,388.663,224.000
2025-01-23,MAT-003,m,357.306,224.000
2025-01-24,MAT-003,m,357.859,224.000
2025-01-25,MAT-003,m,323.445,224.000
2025-01-26,MAT-003,m,321.455,224.000
2025-01-27,MAT-003,m,292.326,224.000
2025-01-28,MAT-003,m,439.802,224.000
2025-01-29,MAT-003,m,430.711,224.000
2025-01-30,MAT-003,m,396.960,224.000
2025-01-31,MAT-003,m,382.477,224.000
2025-02-01,MAT-003,m,376.865,224.000
2025-02-02,MAT-003,m,341.218,224.000
2025-02-03,MAT-003,m,337.918,224.000
2025-02-04,MAT-003,m,316.695,224.000
2025-02-05,MAT-003,m,295.093,224.000
2025-02-06,MAT-003,m,452.409,224.000
2025-02-07,MAT-003,m,412.656,224.000
2025-02-08,MAT-003,m,395.354,224.000
2025-02-09,MAT-003,m,375.865,224.000
2025-02-10,MAT-003,m,376.077,224.000
2025-02-11,MAT-003,m,346.766,224.000
2025-02-12,MAT-003,m,334.069,224.000
2025-02-13,MAT-003,m,307.091,224.000
2025-02-14,MAT-003,m,285.307,224.000
2025-02-15,MAT-003,m,433.258,224.000
2025-02-16,MAT-003,m,419.360,224.000
2025-02-17,MAT-003,m,400.298,224.000
2025-02-18,MAT-003,m,396.385,224.000
2025-02-19,MAT-003,m,362.098,224.000
2025-02-20,MAT-003,m,337.502,224.000
2025-02-21,MAT-003,m,339.825,224.000
2025-02-22,MAT-003,m,321.763,224.000
2025-02-23,MAT-003,m,290.287,224.000
2025-02-24,MAT-003,m,448.476,224.000
2025-02-25,MAT-003,m,430.057,224.000
2025-02-26,MAT-003,m,399.747,224.000
2025-02-27,MAT-003,m,376.492,224.000
2025-02-28,MAT-003,m,365.142,224.000
2025-03-01,MAT-003,m,337.284,224.000
2025-03-02,MAT-003,m,328.554,224.000
2025-03-03,MAT-003,m,318.153,224.000
2025-03-04,MAT-003,m,286.071,224.000
2025-03-05,MAT-003,m,431.153,224.000
2025-03-06,MAT-003,m,431.953,224.000
2025-03-07,MAT-003,m,400.329,224.000
2025-03-08,MAT-003,m,380.765,224.000
2025-03-09,MAT-003,m,363.736,224.000
2025-03-10,MAT-003,m,343.746,224.000
2025-03-11,MAT-003,m,338.233,224.000
2025-03-12,MAT-003,m,299.556,224.000
2025-03-13,MAT-003,m,281.985,224.000
2025-03-14,MAT-003,m,451.041,224.000
2025-03-15,MAT-003,m,425.998,224.000
2025-03-16,MAT-003,m,398.163,224.000
2025-03-17,MAT-003,m,396.324,224.000
2025-03-18,MAT-003,m,376.510,224.000
2025-03-19,MAT-003,m,351.460,224.000
2025-03-20,MAT-003,m,336.919,224.000
2025-03-21,MAT-003,m,300.838,224.000
2025-03-22,MAT-003,m,299.999,224.000
2025-03-23,MAT-003,m,439.960,224.000
2025-03-24,MAT-003,m,416.909,224.000
2025-03-25,MAT-003,m,406.209,224.000
2025-03-26,MAT-003,m,375.256,224.000
2025-03-27,MAT-003,m,358.175,224.000
2025-03-28,MAT-003,m,339.311,224.000
2025-03-29,MAT-003,m,326.385,224.000
2025-03-30,MAT-003,m,302.893,224.000
2025-03-31,MAT-003,m,284.782,224.000
2025-01-01,MAT-004,l,470.980,236.000
2025-01-02,MAT-004,l,444.098,236.000
2025-01-03,MAT-004,l,423.381,236.000
2025-01-04,MAT-004,l,406.480,236.000
2025-01-05,MAT-004,l,403.452,236.000
2025-01-06,MAT-004,l,375.831,236.000
2025-01-07,MAT-004,l,366.186,236.000
2025-01-08,MAT-004,l,332.938,236.000
2025-01-09,MAT-004,l,312.840,236.000
2025-01-10,MAT-004,l,294.044,236.000
2025-01-11,MAT-004,l,463.827,236.000
2025-01-12,MAT-004,l,457.469,236.000
2025-01-13,MAT-004,l,437.248,236.000
2025-01-14,MAT-004,l,406.046,236.000
2025-01-15,MAT-004,l,402.762,236.000
2025-01-16,MAT-004,l,375.336,236.000
2025-01-17,MAT-004,l,359.999,236.000
2025-01-18,MAT-004,l,338.343,236.000
2025-01-19,MAT-004,l,313.139,236.000
2025-01-20,MAT-004,l,309.354,236.000
2025-01-21,MAT-004,l,457.990,236.000
2025-01-22,MAT-004,l,450.662,236.000
2025-01-23,MAT-004,l,427.545,236.000
2025-01-24,MAT-004,l,417.921,236.000
2025-01-25,MAT-004,l,388.856,236.000
2025-01-26,MAT-004,l,372.326,236.000
2025-01-27,MAT-004,l,358.927,236.000
2025-01-28,MAT-004,l,348.701,236.000
2025-01-29,MAT-004,l,323.054,236.000
2025-01-30,MAT-004,l,297.860,236.000
2025-01-31,MAT-004,l,471.637,236.000
2025-02-01,MAT-004,l,443.739,236.000
2025-02-02,MAT-004,l,427.941,236.000
2025-02-03,MAT-004,l,414.521,236.000
2025-02-04,MAT-004,l,404.952,236.000
2025-02-05,MAT-004,l,371.759,236.000
2025-02-06,MAT-004,l,364.960,236.000
2025-02-07,MAT-004,l,341.549,236.000
2025-02-08,MAT-004,l,319.792,236.000
2025-02-09,MAT-004,l,311.410,236.000
2025-02-10,MAT-004,l,475.459,236.000
2025-02-11,MAT-004,l,449.725,236.000
2025-02-12,MAT-004,l,419.377,236.000
2025-02-13,MAT-004,l,423.340,236.000
2025-02-14,MAT-004,l,404.440,236.000
2025-02-15,MAT-004,l,388.078,236.000
2025-02-16,MAT-004,l,358.751,236.000
2025-02-17,MAT-004,l,335.918,236.000
2025-02-18,MAT-004,l,334.704,236.000
2025-02-19,MAT-004,l,298.454,236.000
2025-02-20,MAT-004,l,453.304,236.000
2025-02-21,MAT-004,l,441.158,236.000
2025-02-22,MAT-004,l,431.100,236.000
2025-02-23,MAT-004,l,400.140,236.000
2025-02-24,MAT-004,l,391.021,236.000
2025-02-25,MAT-004,l,383.547,236.000
2025-02-26,MAT-004,l,364.514,236.000
2025-02-27,MAT-004,l,341.195,236.000
2025-02-28,MAT-004,l,315.186,236.000
2025-03-01,MAT-004,l,296.009,236.000
2025-03-02,MAT-004,l,457.320,236.000
2025-03-03,MAT-004,l,445.684,236.000
2025-03-04,MAT-004,l,435.359,236.000
2025-03-05,MAT-004,l,402.290,236.000
2025-03-06,MAT-004,l,384.435,236.000
2025-03-07,MAT-004,l,385.053,236.000
2025-03-08,MAT-004,l,366.979,236.000
2025-03-09,MAT-004,l,335.784,236.000
2025-03-10,MAT-004,l,333.109,236.000
2025-03-11,MAT-004,l,314.719,236.000
2025-03-12,MAT-004,l,469.870,236.000
2025-03-13,MAT-004,l,435.444,236.000
2025-03-14,MAT-004,l,419.034,236.000
2025-03-15,MAT-004,l,409.316,236.000
2025-03-16,MAT-004,l,397.262,236.000
2025-03-17,MAT-004,l,380.985,236.000
2025-03-18,MAT-004,l,353.829,236.000
2025-03-19,MAT-004,l,330.440,236.000
2025-03-20,MAT-004,l,331.364,236.000
2025-03-21,MAT-004,l,294.343,236.000
2025-03-22,MAT-004,l,464.103,236.000
2025-03-23,MAT-004,l,436.085,236.000
2025-03-24,MAT-004,l,419.374,236.000
2025-03-25,MAT-004,l,406.609,236.000
2025-03-26,MAT-004,l,394.909,236.000
2025-03-27,MAT-004,l,384.154,236.000
2025-03-28,MAT-004,l,369.195,236.000
2025-03-29,MAT-004,l,333.644,236.000
2025-03-30,MAT-004,l,320.647,236.000
2025-03-31,MAT-004,l,301.882,236.000
2025-01-01,MAT-005,ea,484,248
2025-01-02,MAT-005,ea,475,248
2025-01-03,MAT-005,ea,450,248
2025-01-04,MAT-005,ea,449,248
2025-01-05,MAT-005,ea,426,248
2025-01-06,MAT-005,ea,393,248
2025-01-07,MAT-005,ea,381,248
2025-01-08,MAT-005,ea,380,248
2025-01-09,MAT-005,ea,350,248
2025-01-10,MAT-005,ea,341,248
2025-01-11,MAT-005,ea,325,248
2025-01-12,MAT-005,ea,492,248
2025-01-13,MAT-005,ea,468,248
2025-01-14,MAT-005,ea,448,248
2025-01-15,MAT-005,ea,448,248
2025-01-16,MAT-005,ea,418,248
2025-01-17,MAT-005,ea,412,248
2025-01-18,MAT-005,ea,375,248
2025-01-19,MAT-005,ea,370,248
2025-01-20,MAT-005,ea,355,248
2025-01-21,MAT-005,ea,327,248
2025-01-22,MAT-005,ea,314,248
2025-01-23,MAT-005,ea,496,248
2025-01-24,MAT-005,ea,478,248
2025-01-25,MAT-005,ea,446,248
2025-01-26,MAT-005,ea,439,248
2025-01-27,MAT-005,ea,420,248
2025-01-28,MAT-005,ea,408,248
2025-01-29,MAT-005,ea,380,248
2025-01-30,MAT-005,ea,381,248
2025-01-31,MAT-005,ea,343,248
2025-02-01,MAT-005,ea,330,248
2025-02-02,MAT-005,ea,320,248
2025-02-03,MAT-005,ea,478,248
2025-02-04,MAT-005,ea,477,248
2025-02-05,MAT-005,ea,467,248
2025-02-06,MAT-005,ea,429,248
2025-02-07,MAT-005,ea,410,248
2025-02-08,MAT-005,ea,392,248
2025-02-09,MAT-005,ea,376,248
2025-02-10,MAT-005,ea,362,248
2025-02-11,MAT-005,ea,364,248
2025-02-12,MAT-005,ea,345,248
2025-02-13,MAT-005,ea,331,248
2025-02-14,MAT-005,ea,486,248
2025-02-15,MAT-005,ea,473,248
2025-02-16,MAT-005,ea,462,248
2025-02-17,MAT-005,ea,440,248
2025-02-18,MAT-005,ea,418,248
2025-02-19,MAT-005,ea,412,248
2025-02-20,MAT-005,ea,383,248
2025-02-21,MAT-005,ea,364,248
2025-02-22,MAT-005,ea,361,248
2025-02-23,MAT-005,ea,344,248
2025-02-24,MAT-005,ea,308,248
2025-02-25,MAT-005,ea,480,248
2025-02-26,MAT-005,ea,471,248
2025-02-27,MAT-005,ea,444,248
2025-02-28,MAT-005,ea,431,248
2025-03-01,MAT-005,ea,425,248
2025-03-02,MAT-005,ea,410,248
2025-03-03,MAT-005,ea,398,248
2025-03-04,MAT-005,ea,372,248
2025-03-05,MAT-005,ea,356,248
2025-03-06,MAT-005,ea,326,248
2025-03-07,MAT-005,ea,330,248
2025-03-08,MAT-005,ea,483,248
2025-03-09,MAT-005,ea,461,248
2025-03-10,MAT-005,ea,451,248
2025-03-11,MAT-005,ea,450,248
2025-03-12,MAT-005,ea,162,248
2025-03-13,MAT-005,ea,167,248
2025-03-14,MAT-005,ea,181,248
2025-03-15,MAT-005,ea,197,248
2025-03-16,MAT-005,ea,172,248
2025-03-17,MAT-005,ea,143,248
2025-03-18,MAT-005,ea,191,248
2025-03-19,MAT-005,ea,480,248
2025-03-20,MAT-005,ea,468,248
2025-03-21,MAT-005,ea,446,248
2025-03-22,MAT-005,ea,439,248
2025-03-23,MAT-005,ea,430,248
2025-03-24,MAT-005,ea,394,248
2025-03-25,MAT-005,ea,377,248
2025-03-26,MAT-005,ea,370,248
2025-03-27,MAT-005,ea,361,248
2025-03-28,MAT-005,ea,328,248
2025-03-29,MAT-005,ea,323,248
2025-03-30,MAT-005,ea,494,248
2025-03-31,MAT-005,ea,465,248
2025-01-01,MAT-006,kg,502.653,260.000
2025-01-02,MAT-006,kg,489.973,260.000
2025-01-03,MAT-006,kg,446.182,260.000
2025-01-04,MAT-006,kg,431.968,260.000
2025-01-05,MAT-006,kg,402.202,260.000
2025-01-06,MAT-006,kg,376.928,260.000
2025-01-07,MAT-006,kg,341.682,260.000
2025-01-08,MAT-006,kg,504.672,260.000
2025-01-09,MAT-006,kg,496.893,260.000
2025-01-10,MAT-006,kg,468.595,260.000
2025-01-11,MAT-006,kg,436.490,260.000
2025-01-12,MAT-006,kg,412.864,260.000
2025-01-13,MAT-006,kg,382.884,260.000
2025-01-14,MAT-006,kg,348.572,260.000
2025-01-15,MAT-006,kg,507.210,260.000
2025-01-16,MAT-006,kg,493.748,260.000
2025-01-17,MAT-006,kg,465.928,260.000
2025-01-18,MAT-006,kg,433.454,260.000
2025-01-19,MAT-006,kg,390.322,260.000
2025-01-20,MAT-006,kg,360.917,260.000
2025-01-21,MAT-006,kg,342.515,260.000
2025-01-22,MAT-006,kg,522.088,260.000
2025-01-23,MAT-006,kg,472.276,260.000
2025-01-24,MAT-006,kg,456.360,260.000
2025-01-25,MAT-006,kg,435.558,260.000
2025-01-26,MAT-006,kg,409.655,260.000
2025-01-27,MAT-006,kg,366.535,260.000
2025-01-28,MAT-006,kg,356.039,260.000
2025-01-29,MAT-006,kg,500.303,260.000
2025-01-30,MAT-006,kg,474.117,260.000
2025-01-31,MAT-006,kg,449.934,260.000
2025-02-01,MAT-006,kg,433.429,260.000
2025-02-02,MAT-006,kg,388.734,260.000
2025-02-03,MAT-006,kg,368.219,260.000
2025-02-04,MAT-006,kg,346.049,260.000
2025-02-05,MAT-006,kg,517.025,260.000
2025-02-06,MAT-006,kg,473.334,260.000
2025-02-07,MAT-006,kg,464.038,260.000
2025-02-08,MAT-006,kg,435.728,260.000
2025-02-09,MAT-006,kg,387.805,260.000
2025-02-10,MAT-006,kg,380.796,260.000
2025-02-11,MAT-006,kg,334.292,260.000
2025-02-12,MAT-006,kg,514.839,260.000
2025-02-13,MAT-006,kg,478.921,260.000
2025-02-14,MAT-006,kg,469.220,260.000
2025-02-15,MAT-006,kg,439.181,260.000
2025-02-16,MAT-006,kg,402.480,260.000
2025-02-17,MAT-006,kg,365.261,260.000
2025-02-18,MAT-006,kg,350.212,260.000
2025-02-19,MAT-006,kg,515.826,260.000
2025-02-20,MAT-006,kg,476.811,260.000
2025-02-21,MAT-006,kg,452.491,260.000
2025-02-22,MAT-006,kg,429.728,260.000
2025-02-23,MAT-006,kg,395.033,260.000
2025-02-24,MAT-006,kg,382.949,260.000
2025-02-25,MAT-006,kg,348.612,260.000
2025-02-26,MAT-006,kg,513.232,260.000
2025-02-27,MAT-006,kg,476.804,260.000
2025-02-28,MAT-006,kg,465.597,260.000
2025-03-01,MAT-006,kg,435.672,260.000
2025-03-02,MAT-006,kg,402.881,260.000
2025-03-03,MAT-006,kg,366.147,260.000
2025-03-04,MAT-006,kg,338.301,260.000
2025-03-05,MAT-006,kg,505.016,260.000
2025-03-06,MAT-006,kg,476.872,260.000
2025-03-07,MAT-006,kg,454.898,260.000
2025-03-08,MAT-006,kg,421.940,260.000
2025-03-09,MAT-006,kg,403.058,260.000
2025-03-10,MAT-006,kg,384.874,260.000
2025-03-11,MAT-006,kg,339.028,260.000
2025-03-12,MAT-006,kg,505.750,260.000
2025-03-13,MAT-006,kg,485.489,260.000
2025-03-14,MAT-006,kg,454.126,260.000
2025-03-15,MAT-006,kg,439.809,260.000
2025-03-16,MAT-006,kg,397.573,260.000
2025-03-17,MAT-006,kg,373.471,260.000
2025-03-18,MAT-006,kg,350.599,260.000
2025-03-19,MAT-006,kg,521.531,260.000
2025-03-20,MAT-006,kg,472.006,260.000
2025-03-21,MAT-006,kg,453.453,260.000
2025-03-22,MAT-006,kg,424.128,260.000
2025-03-23,MAT-006,kg,404.517,260.000
2025-03-24,MAT-006,kg,369.747,260.000
2025-03-25,MAT-006,kg,344.762,260.000
2025-03-26,MAT-006,kg,510.028,260.000
2025-03-27,MAT-006,kg,478.990,260.000
2025-03-28,MAT-006,kg,444.083,260.000
2025-03-29,MAT-006,kg,430.143,260.000
2025-03-30,MAT-006,kg,412.561,260.000
2025-03-31,MAT-006,kg,381.011,260.000
2025-01-01,MAT-007,m,537.261,272.000
2025-01-02,MAT-007,m,515.298,272.000
2025-01-03,MAT-007,m,475.455,272.000
2025-01-04,MAT-007,m,449.643,272.000
2025-01-05,MAT-007,m,423.749,272.000
2025-01-06,MAT-007,m,400.083,272.000
2025-01-07,MAT-007,m,374.282,272.000
2025-01-08,MAT-007,m,345.816,272.000
2025-01-09,MAT-007,m,541.991,272.000
2025-01-10,MAT-007,m,522.622,272.000
2025-01-11,MAT-007,m,497.407,272.000
2025-01-12,MAT-007,m,457.553,272.000
2025-01-13,MAT-007,m,442.549,272.000
2025-01-14,MAT-007,m,397.242,272.000
2025-01-15,MAT-007,m,387.892,272.000
2025-01-16,MAT-007,m,366.139,272.000
2025-01-17,MAT-007,m,540.865,272.000
2025-01-18,MAT-007,m,499.611,272.000
2025-01-19,MAT-007,m,471.550,272.000
2025-01-20,MAT-007,m,468.502,272.000
2025-01-21,MAT-007,m,431.926,272.000
2025-01-22,MAT-007,m,402.175,272.000
2025-01-23,MAT-007,m,373.470,272.000
2025-01-24,MAT-007,m,362.877,272.000
2025-01-25,MAT-007,m,542.360,272.000
2025-01-26,MAT-007,m,518.828,272.000
2025-01-27,MAT-007,m,496.466,272.000
2025-01-28,MAT-007,m,463.909,272.000
2025-01-29,MAT-007,m,435.092,272.000
2025-01-30,MAT-007,m,399.832,272.000
2025-01-31,MAT-007,m,389.259,272.000
2025-02-01,MAT-007,m,352.838,272.000
2025-02-02,MAT-007,m,544.675,272.000
2025-02-03,MAT-007,m,507.084,272.000
2025-02-04,MAT-007,m,483.695,272.000
2025-02-05,MAT-007,m,472.779,272.000
2025-02-06,MAT-007,m,442.582,272.000
2025-02-07,MAT-007,m,418.140,272.000
2025-02-08,MAT-007,m,373.288,272.000
2025-02-09,MAT-007,m,359.050,272.000
2025-02-10,MAT-007,m,541.335,272.000
2025-02-11,MAT-007,m,498.147,272.000
2025-02-12,MAT-007,m,472.153,272.000
2025-02-13,MAT-007,m,472.374,272.000
2025-02-14,MAT-007,m,432.016,272.000
2025-02-15,MAT-007,m,418.200,272.000
2025-02-16,MAT-007,m,394.282,272.000
2025-02-17,MAT-007,m,369.035,272.000
2025-02-18,MAT-007,m,540.975,272.000
2025-02-19,MAT-007,m,513.360,272.000
2025-02-20,MAT-007,m,476.278,272.000
2025-02-21,MAT-007,m,451.101,272.000
2025-02-22,MAT-007,m,432.410,272.000
2025-02-23,MAT-007,m,415.351,272.000
2025-02-24,MAT-007,m,394.577,272.000
2025-02-25,MAT-007,m,358.329,272.000
2025-02-26,MAT-007,m,527.301,272.000
2025-02-27,MAT-007,m,510.766,272.000
2025-02-28,MAT-007,m,482.285,272.000
2025-03-01,MAT-007,m,460.321,272.000
2025-03-02,MAT-007,m,434.463,272.000
2025-03-03,MAT-007,m,407.736,272.000
2025-03-04,MAT-007,m,391.733,272.000
2025-03-05,MAT-007,m,352.728,272.000
2025-03-06,MAT-007,m,539.623,272.000
2025-03-07,MAT-007,m,523.715,272.000
2025-03-08,MAT-007,m,490.099,272.000
2025-03-09,MAT-007,m,469.935,272.000
2025-03-10,MAT-007,m,426.268,272.000
2025-03-11,MAT-007,m,398.657,272.000
2025-03-12,MAT-007,m,374.764,272.000
2025-03-13,MAT-007,m,352.099,272.000
2025-03-14,MAT-007,m,544.670,272.000
2025-03-15,MAT-007,m,513.051,272.000
2025-03-16,MAT-007,m,474.465,272.000
2025-03-17,MAT-007,m,458.439,272.000
2025-03-18,MAT-007,m,441.846,272.000
2025-03-19,MAT-007,m,415.215,272.000
2025-03-20,MAT-007,m,385.722,272.000
2025-03-21,MAT-007,m,366.738,272.000
2025-03-22,MAT-007,m,527.449,272.000
2025-03-23,MAT-007,m,518.968,272.000
2025-03-24,MAT-007,m,473.283,272.000
2025-03-25,MAT-007,m,472.660,272.000
2025-03-26,MAT-007,m,444.755,272.000
2025-03-27,MAT-007,m,403.667,272.000
2025-03-28,MAT-007,m,392.742,272.000
2025-03-29,MAT-007,m,363.101,272.000
2025-03-30,MAT-007,m,536.664,272.000
2025-03-31,MAT-007,m,517.451,272.000
2025-01-01,MAT-008,l,561.014,284.000
2025-01-02,MAT-008,l,524.832,284.000
2025-01-03,MAT-008,l,498.874,284.000
2025-01-04,MAT-008,l,482.965,284.000
2025-01-05,MAT-008,l,477.853,284.000
2025-01-06,MAT-008,l,448.966,284.000
2025-01-07,MAT-008,l,403.996,284.000
2025-01-08,MAT-008,l,400.642,284.000
2025-01-09,MAT-008,l,358.211,284.000
2025-01-10,MAT-008,l,565.650,284.000
2025-01-11,MAT-008,l,535.311,284.000
2025-01-12,MAT-008,l,515.626,284.000
2025-01-13,MAT-008,l,499.309,284.000
2025-01-14,MAT-008,l,467.164,284.000
2025-01-15,MAT-008,l,428.409,284.000
2025-01-16,MAT-008,l,422.334,284.000
2025-01-17,MAT-008,l,403.055,284.000
2025-01-18,MAT-008,l,375.500,284.000
2025-01-19,MAT-008,l,546.436,284.000
2025-01-20,MAT-008,l,539.693,284.000
2025-01-21,MAT-008,l,520.126,284.000
2025-01-22,MAT-008,l,491.411,284.000
2025-01-23,MAT-008,l,467.823,284.000
2025-01-24,MAT-008,l,432.689,284.000
2025-01-25,MAT-008,l,425.358,284.000
2025-01-26,MAT-008,l,390.347,284.000
2025-01-27,MAT-008,l,378.648,284.000
2025-01-28,MAT-008,l,569.966,284.000
2025-01-29,MAT-008,l,536.628,284.000
2025-01-30,MAT-008,l,506.395,284.000
2025-01-31,MAT-008,l,484.478,284.000
2025-02-01,MAT-008,l,471.384,284.000
2025-02-02,MAT-008,l,430.992,284.000
2025-02-03,MAT-008,l,419.847,284.000
2025-02-04,MAT-008,l,380.399,284.000
2025-02-05,MAT-008,l,374.875,284.000
2025-02-06,MAT-008,l,550.237,284.000
2025-02-07,MAT-008,l,537.057,284.000
2025-02-08,MAT-008,l,520.313,284.000
2025-02-09,MAT-008,l,499.846,284.000
2025-02-10,MAT-008,l,460.904,284.000
2025-02-11,MAT-008,l,454.214,284.000
2025-02-12,MAT-008,l,430.003,284.000
2025-02-13,MAT-008,l,399.507,284.000
2025-02-14,MAT-008,l,371.476,284.000
2025-02-15,MAT-008,l,548.371,284.000
2025-02-16,MAT-008,l,537.536,284.000
2025-02-17,MAT-008,l,500.206,284.000
2025-02-18,MAT-008,l,498.912,284.000
2025-02-19,MAT-008,l,471.009,284.000
2025-02-20,MAT-008,l,441.664,284.000
2025-02-21,MAT-008,l,421.951,284.000
2025-02-22,MAT-008,l,395.201,284.000
2025-02-23,MAT-008,l,383.916,284.000
2025-02-24,MAT-008,l,566.058,284.000
2025-02-25,MAT-008,l,532.561,284.000
2025-02-26,MAT-008,l,519.383,284.000
2025-02-27,MAT-008,l,479.247,284.000
2025-02-28,MAT-008,l,472.023,284.000
2025-03-01,MAT-008,l,428.112,284.000
2025-03-02,MAT-008,l,417.996,284.000
2025-03-03,MAT-008,l,380.015,284.000
2025-03-04,MAT-008,l,359.998,284.000
2025-03-05,MAT-008,l,552.051,284.000
2025-03-06,MAT-008,l,523.054,284.000
2025-03-07,MAT-008,l,503.057,284.000
2025-03-08,MAT-008,l,474.435,284.000
2025-03-09,MAT-008,l,464.410,284.000
2025-03-10,MAT-008,l,450.426,284.000
2025-03-11,MAT-008,l,417.069,284.000
2025-03-12,MAT-008,l,395.192,284.000
2025-03-13,MAT-008,l,366.085,284.000
2025-03-14,MAT-008,l,570.197,284.000
2025-03-15,MAT-008,l,546.698,284.000
2025-03-16,MAT-008,l,503.856,284.000
2025-03-17,MAT-008,l,494.821,284.000
2025-03-18,MAT-008,l,458.144,284.000
2025-03-19,MAT-008,l,452.723,284.000
2025-03-20,MAT-008,l,428.132,284.000
2025-03-21,MAT-008,l,396.990,284.000
2025-03-22,MAT-008,l,378.878,284.000
2025-03-23,MAT-008,l,565.840,284.000
2025-03-24,MAT-008,l,523.962,284.000
2025-03-25,MAT-008,l,519.027,284.000
2025-03-26,MAT-008,l,487.725,284.000
2025-03-27,MAT-008,l,471.110,284.000
2025-03-28,MAT-008,l,429.317,284.000
2025-03-29,MAT-008,l,416.490,284.000
2025-03-30,MAT-008,l,403.572,284.000
2025-03-31,MAT-008,l,362.610,284.000
2025-01-01,MAT-009,ea,591,296
2025-01-02,MAT-009,ea,553,296
2025-01-03,MAT-009,ea,528,296
2025-01-04,MAT-009,ea,521,296
2025-01-05,MAT-009,ea,500,296
2025-01-06,MAT-009,ea,486,296
2025-01-07,MAT-009,ea,439,296
2025-01-08,MAT-009,ea,416,296
2025-01-09,MAT-009,ea,418,296
2025-01-10,MAT-009,ea,393,296
2025-01-11,MAT-009,ea,579,296
2025-01-12,MAT-009,ea,572,296
2025-01-13,MAT-009,ea,525,296
2025-01-14,MAT-009,ea,504,296
2025-01-15,MAT-009,ea,481,296
2025-01-16,MAT-009,ea,469,296
2025-01-17,MAT-009,ea,447,296
2025-01-18,MAT-009,ea,439,296
2025-01-19,MAT-009,ea,407,296
2025-01-20,MAT-009,ea,390,296
2025-01-21,MAT-009,ea,582,296
2025-01-22,MAT-009,ea,569,296
2025-01-23,MAT-009,ea,549,296
2025-01-24,MAT-009,ea,503,296
2025-01-25,MAT-009,ea,495,296
2025-01-26,MAT-009,ea,483,296
2025-01-27,MAT-009,ea,459,296
2025-01-28,MAT-009,ea,425,296
2025-01-29,MAT-009,ea,391,296
2025-01-30,MAT-009,ea,388,296
2025-01-31,MAT-009,ea,597,296
2025-02-01,MAT-009,ea,572,296
2025-02-02,MAT-009,ea,552,296
2025-02-03,MAT-009,ea,514,296
2025-02-04,MAT-009,ea,505,296
2025-02-05,MAT-009,ea,471,296
2025-02-06,MAT-009,ea,464,296
2025-02-07,MAT-009,ea,432,296
2025-02-08,MAT-009,ea,397,296
2025-02-09,MAT-009,ea,391,296
2025-02-10,MAT-009,ea,569,296
2025-02-11,MAT-009,ea,570,296
2025-02-12,MAT-009,ea,547,296
2025-02-13,MAT-009,ea,520,296
2025-02-14,MAT-009,ea,507,296
2025-02-15,MAT-009,ea,462,296
2025-02-16,MAT-009,ea,435,296
2025-02-17,MAT-009,ea,421,296
2025-02-18,MAT-009,ea,407,296
2025-02-19,MAT-009,ea,384,296
2025-02-20,MAT-009,ea,591,296
2025-02-21,MAT-009,ea,572,296
2025-02-22,MAT-009,ea,544,296
2025-02-23,MAT-009,ea,504,296
2025-02-24,MAT-009,ea,506,296
2025-02-25,MAT-009,ea,458,296
2025-02-26,MAT-009,ea,437,296
2025-02-27,MAT-009,ea,436,296
2025-02-28,MAT-009,ea,412,296
2025-03-01,MAT-009,ea,370,296
2025-03-02,MAT-009,ea,590,296
2025-03-03,MAT-009,ea,546,296
2025-03-04,MAT-009,ea,539,296
2025-03-05,MAT-009,ea,509,296
2025-03-06,MAT-009,ea,485,296
2025-03-07,MAT-009,ea,469,296
2025-03-08,MAT-009,ea,440,296
2025-03-09,MAT-009,ea,432,296
2025-03-10,MAT-009,ea,406,296
2025-03-11,MAT-009,ea,374,296
2025-03-12,MAT-009,ea,575,296
2025-03-13,MAT-009,ea,570,296
2025-03-14,MAT-009,ea,536,296
2025-03-15,MAT-009,ea,506,296
2025-03-16,MAT-009,ea,483,296
2025-03-17,MAT-009,ea,482,296
2025-03-18,MAT-009,ea,444,296
2025-03-19,MAT-009,ea,425,296
2025-03-20,MAT-009,ea,409,296
2025-03-21,MAT-009,ea,369,296
2025-03-22,MAT-009,ea,590,296
2025-03-23,MAT-009,ea,563,296
2025-03-24,MAT-009,ea,531,296
2025-03-25,MAT-009,ea,520,296
2025-03-26,MAT-009,ea,491,296
2025-03-27,MAT-009,ea,484,296
2025-03-28,MAT-009,ea,459,296
2025-03-29,MAT-009,ea,423,296
2025-03-30,MAT-009,ea,407,296
2025-03-31,MAT-009,ea,394,296
2025-01-01,MAT-010,kg,595.156,308.000
2025-01-02,MAT-010,kg,598.933,308.000
2025-01-03,MAT-010,kg,550.465,308.000
2025-01-04,MAT-010,kg,551.757,308.000
2025-01-05,MAT-010,kg,516.687,308.000
2025-01-06,MAT-010,kg,510.937,308.000
2025-01-07,MAT-010,kg,492.378,308.000
2025-01-08,MAT-010,kg,461.946,308.000
2025-01-09,MAT-010,kg,429.884,308.000
2025-01-10,MAT-010,kg,408.676,308.000
2025-01-11,MAT-010,kg,381.798,308.000
2025-01-12,MAT-010,kg,591.955,308.000
2025-01-13,MAT-010,kg,571.734,308.000
2025-01-14,MAT-010,kg,568.199,308.000
2025-01-15,MAT-010,kg,556.959,308.000
2025-01-16,MAT-010,kg,510.966,308.000
2025-01-17,MAT-010,kg,501.382,308.000
2025-01-18,MAT-010,kg,479.049,308.000
2025-01-19,MAT-010,kg,473.896,308.000
2025-01-20,MAT-010,kg,428.502,308.000
2025-01-21,MAT-010,kg,411.143,308.000
2025-01-22,MAT-010,kg,411.513,308.000
2025-01-23,MAT-010,kg,613.278,308.000
2025-01-24,MAT-010,kg,599.998,308.000
2025-01-25,MAT-010,kg,574.130,308.000
2025-01-26,MAT-010,kg,545.795,308.000
2025-01-27,MAT-010,kg,514.367,308.000
2025-01-28,MAT-010,kg,514.173,308.000
2025-01-29,MAT-010,kg,477.513,308.000
2025-01-30,MAT-010,kg,469.756,308.000
2025-01-31,MAT-010,kg,453.343,308.000
2025-02-01,MAT-010,kg,410.174,308.000
2025-02-02,MAT-010,kg,394.513,308.000
2025-02-03,MAT-010,kg,603.202,308.000
2025-02-04,MAT-010,kg,584.095,308.000
2025-02-05,MAT-010,kg,580.132,308.000
2025-02-06,MAT-010,kg,539.622,308.000
2025-02-07,MAT-010,kg,525.537,308.000
2025-02-08,MAT-010,kg,494.124,308.000
2025-02-09,MAT-010,kg,474.578,308.000
2025-02-10,MAT-010,kg,469.338,308.000
2025-02-11,MAT-010,kg,445.849,308.000
2025-02-12,MAT-010,kg,415.321,308.000
2025-02-13,MAT-010,kg,388.639,308.000
2025-02-14,MAT-010,kg,603.278,308.000
2025-02-15,MAT-010,kg,598.065,308.000
2025-02-16,MAT-010,kg,579.651,308.000
2025-02-17,MAT-010,kg,544.339,308.000
2025-02-18,MAT-010,kg,511.245,308.000
2025-02-19,MAT-010,kg,499.558,308.000
2025-02-20,MAT-010,kg,466.769,308.000
2025-02-21,MAT-010,kg,467.423,308.000
2025-02-22,MAT-010,kg,440.465,308.000
2025-02-23,MAT-010,kg,410.870,308.000
2025-02-24,MAT-010,kg,398.879,308.000
2025-02-25,MAT-010,kg,610.446,308.000
2025-02-26,MAT-010,kg,597.620,308.000
2025-02-27,MAT-010,kg,563.519,308.000
2025-02-28,MAT-010,kg,544.862,308.000
2025-03-01,MAT-010,kg,522.383,308.000
2025-03-02,MAT-010,kg,509.077,308.000
2025-03-03,MAT-010,kg,480.048,308.000
2025-03-04,MAT-010,kg,450.441,308.000
2025-03-05,MAT-010,kg,452.681,308.000
2025-03-06,MAT-010,kg,417.109,308.000
2025-03-07,MAT-010,kg,389.402,308.000
2025-03-08,MAT-010,kg,600.871,308.000
2025-03-09,MAT-010,kg,580.088,308.000
2025-03-10,MAT-010,kg,563.530,308.000
2025-03-11,MAT-010,kg,535.315,308.000
2025-03-12,MAT-010,kg,533.596,308.000
2025-03-13,MAT-010,kg,492.245,308.000
2025-03-14,MAT-010,kg,475.993,308.000
2025-03-15,MAT-010,kg,456.521,308.000
2025-03-16,MAT-010,kg,427.833,308.000
2025-03-17,MAT-010,kg,412.589,308.000
2025-03-18,MAT-010,kg,399.207,308.000
2025-03-19,MAT-010,kg,615.682,308.000
2025-03-20,MAT-010,kg,587.906,308.000
2025-03-21,MAT-010,kg,555.895,308.000
2025-03-22,MAT-010,kg,530.878,308.000
2025-03-23,MAT-010,kg,529.752,308.000
2025-03-24,MAT-010,kg,508.600,308.000
2025-03-25,MAT-010,kg,478.471,308.000
2025-03-26,MAT-010,kg,466.158,308.000
2025-03-27,MAT-010,kg,426.286,308.000
2025-03-28,MAT-010,kg,431.917,308.000
2025-03-29,MAT-010,kg,398.363,308.000
2025-03-30,MAT-010,kg,593.846,308.000
2025-03-31,MAT-010,kg,596.020,308.000
2025-01-01,MAT-011,m,618.198,320.000
2025-01-02,MAT-011,m,589.805,320.000
2025-01-03,MAT-011,m,564.646,320.000
2025-01-04,MAT-011,m,524.822,320.000
2025-01-05,MAT-011,m,496.307,320.000
2025-01-06,MAT-011,m,462.438,320.000
2025-01-07,MAT-011,m,431.730,320.000
2025-01-08,MAT-011,m,642.042,320.000
2025-01-09,MAT-011,m,587.565,320.000
2025-01-10,MAT-011,m,569.837,320.000
2025-01-11,MAT-011,m,520.171,320.000
2025-01-12,MAT-011,m,490.224,320.000
2025-01-13,MAT-011,m,452.081,320.000
2025-01-14,MAT-011,m,434.269,320.000
2025-01-15,MAT-011,m,623.711,320.000
2025-01-16,MAT-011,m,596.792,320.000
2025-01-17,MAT-011,m,550.293,320.000
2025-01-18,MAT-011,m,514.533,320.000
2025-01-19,MAT-011,m,478.644,320.000
2025-01-20,MAT-011,m,450.236,320.000
2025-01-21,MAT-011,m,420.304,320.000
2025-01-22,MAT-011,m,628.450,320.000
2025-01-23,MAT-011,m,586.527,320.000
2025-01-24,MAT-011,m,564.647,320.000
2025-01-25,MAT-011,m,536.097,320.000
2025-01-26,MAT-011,m,502.743,320.000
2025-01-27,MAT-011,m,455.020,320.000
2025-01-28,MAT-011,m,431.987,320.000
2025-01-29,MAT-011,m,640.329,320.000
2025-01-30,MAT-011,m,584.366,320.000
2025-01-31,MAT-011,m,546.721,320.000
2025-02-01,MAT-011,m,519.601,320.000
2025-02-02,MAT-011,m,499.335,320.000
2025-02-03,MAT-011,m,445.849,320.000
2025-02-04,MAT-011,m,422.596,320.000
2025-02-05,MAT-011,m,622.768,320.000
2025-02-06,MAT-011,m,606.544,320.000
2025-02-07,MAT-011,m,567.707,320.000
2025-02-08,MAT-011,m,516.140,320.000
2025-02-09,MAT-011,m,502.271,320.000
2025-02-10,MAT-011,m,469.542,320.000
2025-02-11,MAT-011,m,421.330,320.000
2025-02-12,MAT-011,m,632.997,320.000
2025-02-13,MAT-011,m,595.526,320.000
2025-02-14,MAT-011,m,575.481,320.000
2025-02-15,MAT-011,m,521.803,320.000
2025-02-16,MAT-011,m,490.852,320.000
2025-02-17,MAT-011,m,453.854,320.000
2025-02-18,MAT-011,m,420.555,320.000
2025-02-19,MAT-011,m,631.574,320.000
2025-02-20,MAT-011,m,599.303,320.000
2025-02-21,MAT-011,m,564.038,320.000
2025-02-22,MAT-011,m,523.161,320.000
2025-02-23,MAT-011,m,501.086,320.000
2025-02-24,MAT-011,m,474.519,320.000
2025-02-25,MAT-011,m,429.823,320.000
2025-02-26,MAT-011,m,640.246,320.000
2025-02-27,MAT-011,m,610.526,320.000
2025-02-28,MAT-011,m,557.164,320.000
2025-03-01,MAT-011,m,519.475,320.000
2025-03-02,MAT-011,m,506.870,320.000
2025-03-03,MAT-011,m,471.535,320.000
2025-03-04,MAT-011,m,414.703,320.000
2025-03-05,MAT-011,m,644.761,320.000
2025-03-06,MAT-011,m,597.593,320.000
2025-03-07,MAT-011,m,558.316,320.000
2025-03-08,MAT-011,m,517.431,320.000
2025-03-09,MAT-011,m,477.501,320.000
2025-03-10,MAT-011,m,445.997,320.000
2025-03-11,MAT-011,m,416.313,320.000
2025-03-12,MAT-011,m,627.686,320.000
2025-03-13,MAT-011,m,591.014,320.000
2025-03-14,MAT-011,m,549.768,320.000
2025-03-15,MAT-011,m,521.097,320.000
2025-03-16,MAT-011,m,491.798,320.000
2025-03-17,MAT-011,m,453.421,320.000
2025-03-18,MAT-011,m,424.899,320.000
2025-03-19,MAT-011,m,642.660,320.000
2025-03-20,MAT-011,m,592.455,320.000
2025-03-21,MAT-011,m,551.952,320.000
2025-03-22,MAT-011,m,521.222,320.000
2025-03-23,MAT-011,m,494.911,320.000
2025-03-24,MAT-011,m,456.497,320.000
2025-03-25,MAT-011,m,430.760,320.000
2025-03-26,MAT-011,m,619.520,320.000
2025-03-27,MAT-011,m,604.018,320.000
2025-03-28,MAT-011,m,564.718,320.000
2025-03-29,MAT-011,m,536.215,320.000
2025-03-30,MAT-011,m,491.199,320.000
2025-03-31,MAT-011,m,454.633,320.000
2025-01-01,MAT-012,l,658.901,332.000
2025-01-02,MAT-012,l,618.340,332.000
2025-01-03,MAT-012,l,581.510,332.000
2025-01-04,MAT-012,l,569.991,332.000
2025-01-05,MAT-012,l,540.988,332.000
2025-01-06,MAT-012,l,502.794,332.000
2025-01-07,MAT-012,l,464.148,332.000
2025-01-08,MAT-012,l,446.986,332.000
2025-01-09,MAT-012,l,654.080,332.000
2025-01-10,MAT-012,l,634.598,332.000
2025-01-11,MAT-012,l,575.631,332.000
2025-01-12,MAT-012,l,563.651,332.000
2025-01-13,MAT-012,l,525.310,332.000
2025-01-14,MAT-012,l,509.426,332.000
2025-01-15,MAT-012,l,464.973,332.000
2025-01-16,MAT-012,l,428.657,332.000
2025-01-17,MAT-012,l,655.769,332.000
2025-01-18,MAT-012,l,631.746,332.000
2025-01-19,MAT-012,l,576.472,332.000
2025-01-20,MAT-012,l,577.120,332.000
2025-01-21,MAT-012,l,536.328,332.000
2025-01-22,MAT-012,l,493.074,332.000
2025-01-23,MAT-012,l,458.330,332.000
2025-01-24,MAT-012,l,447.424,332.000
2025-01-25,MAT-012,l,649.077,332.000
2025-01-26,MAT-012,l,621.741,332.000
2025-01-27,MAT-012,l,577.974,332.000
2025-01-28,MAT-012,l,570.782,332.000
2025-01-29,MAT-012,l,520.519,332.000
2025-01-30,MAT-012,l,494.601,332.000
2025-01-31,MAT-012,l,454.208,332.000
2025-02-01,MAT-012,l,420.943,332.000
2025-02-02,MAT-012,l,667.586,332.000
2025-02-03,MAT-012,l,626.143,332.000
2025-02-04,MAT-012,l,603.970,332.000
2025-02-05,MAT-012,l,547.001,332.000
2025-02-06,MAT-012,l,513.286,332.000
2025-02-07,MAT-012,l,499.660,332.000
2025-02-08,MAT-012,l,455.698,332.000
2025-02-09,MAT-012,l,431.765,332.000
2025-02-10,MAT-012,l,659.682,332.000
2025-02-11,MAT-012,l,628.879,332.000
2025-02-12,MAT-012,l,576.043,332.000
2025-02-13,MAT-012,l,556.891,332.000
2025-02-14,MAT-012,l,539.002,332.000
2025-02-15,MAT-012,l,487.747,332.000
2025-02-16,MAT-012,l,459.974,332.000
2025-02-17,MAT-012,l,428.225,332.000
2025-02-18,MAT-012,l,641.279,332.000
2025-02-19,MAT-012,l,613.415,332.000
2025-02-20,MAT-012,l,581.782,332.000
2025-02-21,MAT-012,l,562.298,332.000
2025-02-22,MAT-012,l,516.205,332.000
2025-02-23,MAT-012,l,504.498,332.000
2025-02-24,MAT-012,l,479.463,332.000
2025-02-25,MAT-012,l,427.423,332.000
2025-02-26,MAT-012,l,658.145,332.000
2025-02-27,MAT-012,l,636.414,332.000
2025-02-28,MAT-012,l,591.398,332.000
2025-03-01,MAT-012,l,547.857,332.000
2025-03-02,MAT-012,l,521.077,332.000
2025-03-03,MAT-012,l,513.774,332.000
2025-03-04,MAT-012,l,483.586,332.000
2025-03-05,MAT-012,l,436.018,332.000
2025-03-06,MAT-012,l,660.852,332.000
2025-03-07,MAT-012,l,616.668,332.000
2025-03-08,MAT-012,l,585.632,332.000
2025-03-09,MAT-012,l,574.269,332.000
2025-03-10,MAT-012,l,521.149,332.000
2025-03-11,MAT-012,l,492.348,332.000
2025-03-12,MAT-012,l,239.397,332.000
2025-03-13,MAT-012,l,186.035,332.000
2025-03-14,MAT-012,l,276.912,332.000
2025-03-15,MAT-012,l,214.353,332.000
2025-03-16,MAT-012,l,201.702,332.000
2025-03-17,MAT-012,l,198.509,332.000
2025-03-18,MAT-012,l,277.320,332.000
2025-03-19,MAT-012,l,486.048,332.000
2025-03-20,MAT-012,l,459.095,332.000
2025-03-21,MAT-012,l,420.294,332.000
2025-03-22,MAT-012,l,644.544,332.000
2025-03-23,MAT-012,l,612.870,332.000
2025-03-24,MAT-012,l,599.166,332.000
2025-03-25,MAT-012,l,544.673,332.000
2025-03-26,MAT-012,l,523.940,332.000
2025-03-27,MAT-012,l,510.461,332.000
2025-03-28,MAT-012,l,458.349,332.000
2025-03-29,MAT-012,l,425.630,332.000
2025-03-30,MAT-012,l,638.818,332.000
2025-03-31,MAT-012,l,615.438,332.000
2025-01-01,MAT-013,ea,677,344
2025-01-02,MAT-013,ea,634,344
2025-01-03,MAT-013,ea,631,344
2025-01-04,MAT-013,ea,581,344
2025-01-05,MAT-013,ea,569,344
2025-01-06,MAT-013,ea,527,344
2025-01-07,MAT-013,ea,506,344
2025-01-08,MAT-013,ea,483,344
2025-01-09,MAT-013,ea,433,344
2025-01-10,MAT-013,ea,680,344
2025-01-11,MAT-013,ea,654,344
2025-01-12,MAT-013,ea,611,344
2025-01-13,MAT-013,ea,596,344
2025-01-14,MAT-013,ea,563,344
2025-01-15,MAT-013,ea,542,344
2025-01-16,MAT-013,ea,502,344
2025-01-17,MAT-013,ea,492,344
2025-01-18,MAT-013,ea,439,344
2025-01-19,MAT-013,ea,687,344
2025-01-20,MAT-013,ea,665,344
2025-01-21,MAT-013,ea,606,344
2025-01-22,MAT-013,ea,603,344
2025-01-23,MAT-013,ea,569,344
2025-01-24,MAT-013,ea,519,344
2025-01-25,MAT-013,ea,503,344
2025-01-26,MAT-013,ea,475,344
2025-01-27,MAT-013,ea,443,344
2025-01-28,MAT-013,ea,665,344
2025-01-29,MAT-013,ea,665,344
2025-01-30,MAT-013,ea,624,344
2025-01-31,MAT-013,ea,596,344
2025-02-01,MAT-013,ea,567,344
2025-02-02,MAT-013,ea,540,344
2025-02-03,MAT-013,ea,504,344
2025-02-04,MAT-013,ea,471,344
2025-02-05,MAT-013,ea,447,344
2025-02-06,MAT-013,ea,673,344
2025-02-07,MAT-013,ea,647,344
2025-02-08,MAT-013,ea,615,344
2025-02-09,MAT-013,ea,594,344
2025-02-10,MAT-013,ea,580,344
2025-02-11,MAT-013,ea,533,344
2025-02-12,MAT-013,ea,500,344
2025-02-13,MAT-013,ea,472,344
2025-02-14,MAT-013,ea,442,344
2025-02-15,MAT-013,ea,675,344
2025-02-16,MAT-013,ea,652,344
2025-02-17,MAT-013,ea,637,344
2025-02-18,MAT-013,ea,586,344
2025-02-19,MAT-013,ea,556,344
2025-02-20,MAT-013,ea,529,344
2025-02-21,MAT-013,ea,523,344
2025-02-22,MAT-013,ea,493,344
2025-02-23,MAT-013,ea,441,344
2025-02-24,MAT-013,ea,671,344
2025-02-25,MAT-013,ea,648,344
2025-02-26,MAT-013,ea,603,344
2025-02-27,MAT-013,ea,580,344
2025-02-28,MAT-013,ea,563,344
2025-03-01,MAT-013,ea,546,344
2025-03-02,MAT-013,ea,489,344
2025-03-03,MAT-013,ea,468,344
2025-03-04,MAT-013,ea,443,344
2025-03-05,MAT-013,ea,690,344
2025-03-06,MAT-013,ea,638,344
2025-03-07,MAT-013,ea,624,344
2025-03-08,MAT-013,ea,581,344
2025-03-09,MAT-013,ea,572,344
2025-03-10,MAT-013,ea,542,344
2025-03-11,MAT-013,ea,512,344
2025-03-12,MAT-013,ea,483,344
2025-03-13,MAT-013,ea,446,344
2025-03-14,MAT-013,ea,665,344
2025-03-15,MAT-013,ea,637,344
2025-03-16,MAT-013,ea,624,344
2025-03-17,MAT-013,ea,577,344
2025-03-18,MAT-013,ea,578,344
2025-03-19,MAT-013,ea,522,344
2025-03-20,MAT-013,ea,515,344
2025-03-21,MAT-013,ea,475,344
2025-03-22,MAT-013,ea,434,344
2025-03-23,MAT-013,ea,661,344
2025-03-24,MAT-013,ea,634,344
2025-03-25,MAT-013,ea,626,344
2025-03-26,MAT-013,ea,593,344
2025-03-27,MAT-013,ea,558,344
2025-03-28,MAT-013,ea,541,344
2025-03-29,MAT-013,ea,492,344
2025-03-30,MAT-013,ea,470,344
2025-03-31,MAT-013,ea,458,344
2025-01-01,MAT-014,kg,694.788,356.000
2025-01-02,MAT-014,kg,659.538,356.000
2025-01-03,MAT-014,kg,661.453,356.000
2025-01-04,MAT-014,kg,619.162,356.000
2025-01-05,MAT-014,kg,589.899,356.000
2025-01-06,MAT-014,kg,584.784,356.000
2025-01-07,MAT-014,kg,552.303,356.000
2025-01-08,MAT-014,kg,531.517,356.000
2025-01-09,MAT-014,kg,501.477,356.000
2025-01-10,MAT-014,kg,467.920,356.000
2025-01-11,MAT-014,kg,688.859,356.000
2025-01-12,MAT-014,kg,662.724,356.000
2025-01-13,MAT-014,kg,631.966,356.000
2025-01-14,MAT-014,kg,615.906,356.000
2025-01-15,MAT-014,kg,578.840,356.000
2025-01-16,MAT-014,kg,575.460,356.000
2025-01-17,MAT-014,kg,529.352,356.000
2025-01-18,MAT-014,kg,499.136,356.000
2025-01-19,MAT-014,kg,477.575,356.000
2025-01-20,MAT-014,kg,460.405,356.000
2025-01-21,MAT-014,kg,715.212,356.000
2025-01-22,MAT-014,kg,676.004,356.000
2025-01-23,MAT-014,kg,652.431,356.000
2025-01-24,MAT-014,kg,634.363,356.000
2025-01-25,MAT-014,kg,612.196,356.000
2025-01-26,MAT-014,kg,563.884,356.000
2025-01-27,MAT-014,kg,529.240,356.000
2025-01-28,MAT-014,kg,516.693,356.000
2025-01-29,MAT-014,kg,501.189,356.000
2025-01-30,MAT-014,kg,445.025,356.000
2025-01-31,MAT-014,kg,689.599,356.000
2025-02-01,MAT-014,kg,657.416,356.000
2025-02-02,MAT-014,kg,654.641,356.000
2025-02-03,MAT-014,kg,631.734,356.000
2025-02-04,MAT-014,kg,577.615,356.000
2025-02-05,MAT-014,kg,557.167,356.000
2025-02-06,MAT-014,kg,554.669,356.000
2025-02-07,MAT-014,kg,520.309,356.000
2025-02-08,MAT-014,kg,481.294,356.000
2025-02-09,MAT-014,kg,446.999,356.000
2025-02-10,MAT-014,kg,714.741,356.000
2025-02-11,MAT-014,kg,660.743,356.000
2025-02-12,MAT-014,kg,662.414,356.000
2025-02-13,MAT-014,kg,610.984,356.000
2025-02-14,MAT-014,kg,581.452,356.000
2025-02-15,MAT-014,kg,569.728,356.000
2025-02-16,MAT-014,kg,554.132,356.000
2025-02-17,MAT-014,kg,513.196,356.000
2025-02-18,MAT-014,kg,485.796,356.000
2025-02-19,MAT-014,kg,468.414,356.000
2025-02-20,MAT-014,kg,706.270,356.000
2025-02-21,MAT-014,kg,671.240,356.000
2025-02-22,MAT-014,kg,664.458,356.000
2025-02-23,MAT-014,kg,614.493,356.000
2025-02-24,MAT-014,kg,596.606,356.000
2025-02-25,MAT-014,kg,571.306,356.000
2025-02-26,MAT-014,kg,549.192,356.000
2025-02-27,MAT-014,kg,527.167,356.000
2025-02-28,MAT-014,kg,500.359,356.000
2025-03-01,MAT-014,kg,444.654,356.000
2025-03-02,MAT-014,kg,691.940,356.000
2025-03-03,MAT-014,kg,669.104,356.000
2025-03-04,MAT-014,kg,656.596,356.000
2025-03-05,MAT-014,kg,608.715,356.000
2025-03-06,MAT-014,kg,587.789,356.000
2025-03-07,MAT-014,kg,576.586,356.000
2025-03-08,MAT-014,kg,544.902,356.000
2025-03-09,MAT-014,kg,517.288,356.000
2025-03-10,MAT-014,kg,471.573,356.000
2025-03-11,MAT-014,kg,450.665,356.000
2025-03-12,MAT-014,kg,687.109,356.000
2025-03-13,MAT-014,kg,662.663,356.000
2025-03-14,MAT-014,kg,643.890,356.000
2025-03-15,MAT-014,kg,621.274,356.000
2025-03-16,MAT-014,kg,599.538,356.000
2025-03-17,MAT-014,kg,579.266,356.000
2025-03-18,MAT-014,kg,556.569,356.000
2025-03-19,MAT-014,kg,510.423,356.000
2025-03-20,MAT-014,kg,474.167,356.000
2025-03-21,MAT-014,kg,473.736,356.000
2025-03-22,MAT-014,kg,714.513,356.000
2025-03-23,MAT-014,kg,658.639,356.000
2025-03-24,MAT-014,kg,638.454,356.000
2025-03-25,MAT-014,kg,623.084,356.000
2025-03-26,MAT-014,kg,605.857,356.000
2025-03-27,MAT-014,kg,563.889,356.000
2025-03-28,MAT-014,kg,532.783,356.000
2025-03-29,MAT-014,kg,531.937,356.000
2025-03-30,MAT-014,kg,496.929,356.000
2025-03-31,MAT-014,kg,455.767,356.000
2025-01-01,MAT-015,m,721.078,368.000
2025-01-02,MAT-015,m,693.752,368.000
2025-01-03,MAT-015,m,657.022,368.000
2025-01-04,MAT-015,m,649.292,368.000
2025-01-05,MAT-015,m,620.110,368.000
2025-01-06,MAT-015,m,594.046,368.000
2025-01-07,MAT-015,m,581.476,368.000
2025-01-08,MAT-015,m,553.808,368.000
2025-01-09,MAT-015,m,515.143,368.000
2025-01-10,MAT-015,m,510.250,368.000
2025-01-11,MAT-015,m,464.758,368.000
2025-01-12,MAT-015,m,715.582,368.000
2025-01-13,MAT-015,m,689.865,368.000
2025-01-14,MAT-015,m,685.179,368.000
2025-01-15,MAT-015,m,645.329,368.000
2025-01-16,MAT-015,m,619.071,368.000
2025-01-17,MAT-015,m,598.620,368.000
2025-01-18,MAT-015,m,582.418,368.000
2025-01-19,MAT-015,m,551.138,368.000
2025-01-20,MAT-015,m,520.368,368.000
2025-01-21,MAT-015,m,510.638,368.000
2025-01-22,MAT-015,m,463.525,368.000
2025-01-23,MAT-015,m,723.455,368.000
2025-01-24,MAT-015,m,687.558,368.000
2025-01-25,MAT-015,m,685.428,368.000
2025-01-26,MAT-015,m,632.308,368.000
2025-01-27,MAT-015,m,638.009,368.000
2025-01-28,MAT-015,m,597.733,368.000
2025-01-29,MAT-015,m,576.139,368.000
2025-01-30,MAT-015,m,533.979,368.000
2025-01-31,MAT-015,m,535.176,368.000
2025-02-01,MAT-015,m,492.379,368.000
2025-02-02,MAT-015,m,486.981,368.000
2025-02-03,MAT-015,m,725.226,368.000
2025-02-04,MAT-015,m,695.214,368.000
2025-02-05,MAT-015,m,663.794,368.000
2025-02-06,MAT-015,m,661.235,368.000
2025-02-07,MAT-015,m,637.357,368.000
2025-02-08,MAT-015,m,605.184,368.000
2025-02-09,MAT-015,m,556.209,368.000
2025-02-10,MAT-015,m,561.404,368.000
2025-02-11,MAT-015,m,530.247,368.000
2025-02-12,MAT-015,m,488.517,368.000
2025-02-13,MAT-015,m,485.546,368.000
2025-02-14,MAT-015,m,741.488,368.000
2025-02-15,MAT-015,m,715.938,368.000
2025-02-16,MAT-015,m,672.604,368.000
2025-02-17,MAT-015,m,633.897,368.000
2025-02-18,MAT-015,m,641.446,368.000
2025-02-19,MAT-015,m,602.758,368.000
2025-02-20,MAT-015,m,586.023,368.000
2025-02-21,MAT-015,m,533.408,368.000
2025-02-22,MAT-015,m,536.822,368.000
2025-02-23,MAT-015,m,489.977,368.000
2025-02-24,MAT-015,m,478.988,368.000
2025-02-25,MAT-015,m,715.911,368.000
2025-02-26,MAT-015,m,687.545,368.000
2025-02-27,MAT-015,m,672.982,368.000
2025-02-28,MAT-015,m,632.779,368.000
2025-03-01,MAT-015,m,635.940,368.000
2025-03-02,MAT-015,m,588.597,368.000
2025-03-03,MAT-015,m,559.915,368.000
2025-03-04,MAT-015,m,544.568,368.000
2025-03-05,MAT-015,m,506.616,368.000
2025-03-06,MAT-015,m,503.437,368.000
2025-03-07,MAT-015,m,486.457,368.000
2025-03-08,MAT-015,m,716.350,368.000
2025-03-09,MAT-015,m,692.739,368.000
2025-03-10,MAT-015,m,690.577,368.000
2025-03-11,MAT-015,m,653.923,368.000
2025-03-12,MAT-015,m,612.611,368.000
2025-03-13,MAT-015,m,583.738,368.000
2025-03-14,MAT-015,m,572.816,368.000
2025-03-15,MAT-015,m,535.583,368.000
2025-03-16,MAT-015,m,519.242,368.000
2025-03-17,MAT-015,m,515.283,368.000
2025-03-18,MAT-015,m,486.355,368.000
2025-03-19,MAT-015,m,709.742,368.000
2025-03-20,MAT-015,m,687.985,368.000
2025-03-21,MAT-015,m,674.742,368.000
2025-03-22,MAT-015,m,656.079,368.000
2025-03-23,MAT-015,m,636.374,368.000
2025-03-24,MAT-015,m,608.442,368.000
2025-03-25,MAT-015,m,575.603,368.000
2025-03-26,MAT-015,m,545.278,368.000
2025-03-27,MAT-015,m,539.664,368.000
2025-03-28,MAT-015,m,503.855,368.000
2025-03-29,MAT-015,m,478.321,368.000
2025-03-30,MAT-015,m,716.551,368.000
2025-03-31,MAT-015,m,709.107,368.000
2025-01-01,MAT-016,l,742.688,380.000
2025-01-02,MAT-016,l,710.788,380.000
2025-01-03,MAT-016,l,679.435,380.000
2025-01-04,MAT-016,l,642.556,380.000
2025-01-05,MAT-016,l,569.512,380.000
2025-01-06,MAT-016,l,539.402,380.000
2025-01-07,MAT-016,l,517.167,380.000
2025-01-08,MAT-016,l,766.438,380.000
2025-01-09,MAT-016,l,721.499,380.000
2025-01-10,MAT-016,l,663.684,380.000
2025-01-11,MAT-016,l,643.069,380.000
2025-01-12,MAT-016,l,567.869,380.000
2025-01-13,MAT-016,l,559.862,380.000
2025-01-14,MAT-016,l,496.203,380.000
2025-01-15,MAT-016,l,762.737,380.000
2025-01-16,MAT-016,l,708.042,380.000
2025-01-17,MAT-016,l,669.920,380.000
2025-01-18,MAT-016,l,615.819,380.000
2025-01-19,MAT-016,l,571.425,380.000
2025-01-20,MAT-016,l,535.555,380.000
2025-01-21,MAT-016,l,516.038,380.000
2025-01-22,MAT-016,l,730.246,380.000
2025-01-23,MAT-016,l,708.267,380.000
2025-01-24,MAT-016,l,660.988,380.000
2025-01-25,MAT-016,l,630.119,380.000
2025-01-26,MAT-016,l,572.895,380.000
2025-01-27,MAT-016,l,542.550,380.000
2025-01-28,MAT-016,l,519.375,380.000
2025-01-29,MAT-016,l,738.588,380.000
2025-01-30,MAT-016,l,718.494,380.000
2025-01-31,MAT-016,l,661.029,380.000
2025-02-01,MAT-016,l,645.148,380.000
2025-02-02,MAT-016,l,603.727,380.000
2025-02-03,MAT-016,l,532.420,380.000
2025-02-04,MAT-016,l,518.607,380.000
2025-02-05,MAT-016,l,738.327,380.000
2025-02-06,MAT-016,l,718.274,380.000
2025-02-07,MAT-016,l,657.948,380.000
2025-02-08,MAT-016,l,607.462,380.000
2025-02-09,MAT-016,l,588.464,380.000
2025-02-10,MAT-016,l,560.501,380.000
2025-02-11,MAT-016,l,496.697,380.000
2025-02-12,MAT-016,l,767.395,380.000
2025-02-13,MAT-016,l,689.684,380.000
2025-02-14,MAT-016,l,661.639,380.000
2025-02-15,MAT-016,l,623.300,380.000
2025-02-16,MAT-016,l,583.100,380.000
2025-02-17,MAT-016,l,526.757,380.000
2025-02-18,MAT-016,l,523.028,380.000
2025-02-19,MAT-016,l,750.266,380.000
2025-02-20,MAT-016,l,711.007,380.000
2025-02-21,MAT-016,l,664.106,380.000
2025-02-22,MAT-016,l,614.256,380.000
2025-02-23,MAT-016,l,583.080,380.000
2025-02-24,MAT-016,l,534.948,380.000
2025-02-25,MAT-016,l,486.688,380.000
2025-02-26,MAT-016,l,759.509,380.000
2025-02-27,MAT-016,l,720.733,380.000
2025-02-28,MAT-016,l,656.658,380.000
2025-03-01,MAT-016,l,644.417,380.000
2025-03-02,MAT-016,l,580.779,380.000
2025-03-03,MAT-016,l,552.181,380.000
2025-03-04,MAT-016,l,501.051,380.000
2025-03-05,MAT-016,l,736.363,380.000
2025-03-06,MAT-016,l,703.319,380.000
2025-03-07,MAT-016,l,678.191,380.000
2025-03-08,MAT-016,l,641.332,380.000
2025-03-09,MAT-016,l,594.091,380.000
2025-03-10,MAT-016,l,550.796,380.000
2025-03-11,MAT-016,l,504.732,380.000
2025-03-12,MAT-016,l,737.676,380.000
2025-03-13,MAT-016,l,722.185,380.000
2025-03-14,MAT-016,l,655.981,380.000
2025-03-15,MAT-016,l,640.861,380.000
2025-03-16,MAT-016,l,599.779,380.000
2025-03-17,MAT-016,l,532.673,380.000
2025-03-18,MAT-016,l,504.105,380.000
2025-03-19,MAT-016,l,740.699,380.000
2025-03-20,MAT-016,l,726.383,380.000
2025-03-21,MAT-016,l,682.652,380.000
2025-03-22,MAT-016,l,615.494,380.000
2025-03-23,MAT-016,l,580.051,380.000
2025-03-24,MAT-016,l,543.816,380.000
2025-03-25,MAT-016,l,520.062,380.000
2025-03-26,MAT-016,l,735.620,380.000
2025-03-27,MAT-016,l,717.457,380.000
2025-03-28,MAT-016,l,679.188,380.000
2025-03-29,MAT-016,l,639.908,380.000
2025-03-30,MAT-016,l,595.262,380.000
2025-03-31,MAT-016,l,536.953,380.000
2025-01-01,MAT-017,ea,780,392
2025-01-02,MAT-017,ea,731,392
2025-01-03,MAT-017,ea,683,392
2025-01-04,MAT-017,ea,667,392
2025-01-05,MAT-017,ea,617,392
2025-01-06,MAT-017,ea,607,392
2025-01-07,MAT-017,ea,568,392
2025-01-08,MAT-017,ea,525,392
2025-01-09,MAT-017,ea,754,392
2025-01-10,MAT-017,ea,731,392
2025-01-11,MAT-017,ea,694,392
2025-01-12,MAT-017,ea,662,392
2025-01-13,MAT-017,ea,614,392
2025-01-14,MAT-017,ea,580,392
2025-01-15,MAT-017,ea,541,392
2025-01-16,MAT-017,ea,501,392
2025-01-17,MAT-017,ea,771,392
2025-01-18,MAT-017,ea,749,392
2025-01-19,MAT-017,ea,689,392
2025-01-20,MAT-017,ea,676,392
2025-01-21,MAT-017,ea,612,392
2025-01-22,MAT-017,ea,596,392
2025-01-23,MAT-017,ea,564,392
2025-01-24,MAT-017,ea,507,392
2025-01-25,MAT-017,ea,768,392
2025-01-26,MAT-017,ea,740,392
2025-01-27,MAT-017,ea,710,392
2025-01-28,MAT-017,ea,660,392
2025-01-29,MAT-017,ea,630,392
2025-01-30,MAT-017,ea,587,392
2025-01-31,MAT-017,ea,548,392
2025-02-01,MAT-017,ea,510,392
2025-02-02,MAT-017,ea,761,392
2025-02-03,MAT-017,ea,721,392
2025-02-04,MAT-017,ea,680,392
2025-02-05,MAT-017,ea,679,392
2025-02-06,MAT-017,ea,606,392
2025-02-07,MAT-017,ea,599,392
2025-02-08,MAT-017,ea,562,392
2025-02-09,MAT-017,ea,531,392
2025-02-10,MAT-017,ea,759,392
2025-02-11,MAT-017,ea,738,392
2025-02-12,MAT-017,ea,691,392
2025-02-13,MAT-017,ea,654,392
2025-02-14,MAT-017,ea,612,392
2025-02-15,MAT-017,ea,583,392
2025-02-16,MAT-017,ea,548,392
2025-02-17,MAT-017,ea,530,392
2025-02-18,MAT-017,ea,778,392
2025-02-19,MAT-017,ea,727,392
2025-02-20,MAT-017,ea,696,392
2025-02-21,MAT-017,ea,650,392
2025-02-22,MAT-017,ea,634,392
2025-02-23,MAT-017,ea,598,392
2025-02-24,MAT-017,ea,551,392
2025-02-25,MAT-017,ea,528,392
2025-02-26,MAT-017,ea,786,392
2025-02-27,MAT-017,ea,735,392
2025-02-28,MAT-017,ea,716,392
2025-03-01,MAT-017,ea,670,392
2025-03-02,MAT-017,ea,620,392
2025-03-03,MAT-017,ea,597,392
2025-03-04,MAT-017,ea,544,392
2025-03-05,MAT-017,ea,523,392
2025-03-06,MAT-017,ea,776,392
2025-03-07,MAT-017,ea,734,392
2025-03-08,MAT-017,ea,683,392
2025-03-09,MAT-017,ea,647,392
2025-03-10,MAT-017,ea,623,392
2025-03-11,MAT-017,ea,604,392
2025-03-12,MAT-017,ea,544,392
2025-03-13,MAT-017,ea,516,392
2025-03-14,MAT-017,ea,769,392
2025-03-15,MAT-017,ea,729,392
2025-03-16,MAT-017,ea,703,392
2025-03-17,MAT-017,ea,644,392
2025-03-18,MAT-017,ea,630,392
2025-03-19,MAT-017,ea,606,392
2025-03-20,MAT-017,ea,571,392
2025-03-21,MAT-017,ea,498,392
2025-03-22,MAT-017,ea,755,392
2025-03-23,MAT-017,ea,736,392
2025-03-24,MAT-017,ea,696,392
2025-03-25,MAT-017,ea,666,392
2025-03-26,MAT-017,ea,638,392
2025-03-27,MAT-017,ea,608,392
2025-03-28,MAT-017,ea,554,392
2025-03-29,MAT-017,ea,511,392
2025-03-30,MAT-017,ea,783,392
2025-03-31,MAT-017,ea,732,392
2025-01-01,MAT-018,kg,801.187,404.000
2025-01-02,MAT-018,kg,771.983,404.000
2025-01-03,MAT-018,kg,747.256,404.000
2025-01-04,MAT-018,kg,682.354,404.000
2025-01-05,MAT-018,kg,651.052,404.000
2025-01-06,MAT-018,kg,628.123,404.000
2025-01-07,MAT-018,kg,593.147,404.000
2025-01-08,MAT-018,kg,544.598,404.000
2025-01-09,MAT-018,kg,532.207,404.000
2025-01-10,MAT-018,kg,789.223,404.000
2025-01-11,MAT-018,kg,778.908,404.000
2025-01-12,MAT-018,kg,743.211,404.000
2025-01-13,MAT-018,kg,709.680,404.000
2025-01-14,MAT-018,kg,673.080,404.000
2025-01-15,MAT-018,kg,643.862,404.000
2025-01-16,MAT-018,kg,592.825,404.000
2025-01-17,MAT-018,kg,551.119,404.000
2025-01-18,MAT-018,kg,510.611,404.000
2025-01-19,MAT-018,kg,796.833,404.000
2025-01-20,MAT-018,kg,769.921,404.000
2025-01-21,MAT-018,kg,721.315,404.000
2025-01-22,MAT-018,kg,698.410,404.000
2025-01-23,MAT-018,kg,646.585,404.000
2025-01-24,MAT-018,kg,607.845,404.000
2025-01-25,MAT-018,kg,585.865,404.000
2025-01-26,MAT-018,kg,555.215,404.000
2025-01-27,MAT-018,kg,528.396,404.000
2025-01-28,MAT-018,kg,781.079,404.000
2025-01-29,MAT-018,kg,744.596,404.000
2025-01-30,MAT-018,kg,716.446,404.000
2025-01-31,MAT-018,kg,676.756,404.000
2025-02-01,MAT-018,kg,676.616,404.000
2025-02-02,MAT-018,kg,634.946,404.000
2025-02-03,MAT-018,kg,585.482,404.000
2025-02-04,MAT-018,kg,560.373,404.000
2025-02-05,MAT-018,kg,508.973,404.000
2025-02-06,MAT-018,kg,796.940,404.000
2025-02-07,MAT-018,kg,754.641,404.000
2025-02-08,MAT-018,kg,728.982,404.000
2025-02-09,MAT-018,kg,687.977,404.000
2025-02-10,MAT-018,kg,648.187,404.000
2025-02-11,MAT-018,kg,646.656,404.000
2025-02-12,MAT-018,kg,577.620,404.000
2025-02-13,MAT-018,kg,579.275,404.000
2025-02-14,MAT-018,kg,507.219,404.000
2025-02-15,MAT-018,kg,795.508,404.000
2025-02-16,MAT-018,kg,760.628,404.000
2025-02-17,MAT-018,kg,720.670,404.000
2025-02-18,MAT-018,kg,674.750,404.000
2025-02-19,MAT-018,kg,642.125,404.000
2025-02-20,MAT-018,kg,640.574,404.000
2025-02-21,MAT-018,kg,577.381,404.000
2025-02-22,MAT-018,kg,568.257,404.000
2025-02-23,MAT-018,kg,534.707,404.000
2025-02-24,MAT-018,kg,800.773,404.000
2025-02-25,MAT-018,kg,745.084,404.000
2025-02-26,MAT-018,kg,723.120,404.000
2025-02-27,MAT-018,kg,690.197,404.000
2025-02-28,MAT-018,kg,643.125,404.000
2025-03-01,MAT-018,kg,623.291,404.000
2025-03-02,MAT-018,kg,580.448,404.000
2025-03-03,MAT-018,kg,558.525,404.000
2025-03-04,MAT-018,kg,506.726,404.000
2025-03-05,MAT-018,kg,781.775,404.000
2025-03-06,MAT-018,kg,756.514,404.000
2025-03-07,MAT-018,kg,735.324,404.000
2025-03-08,MAT-018,kg,687.084,404.000
2025-03-09,MAT-018,kg,654.997,404.000
2025-03-10,MAT-018,kg,644.292,404.000
2025-03-11,MAT-018,kg,579.738,404.000
2025-03-12,MAT-018,kg,566.349,404.000
2025-03-13,MAT-018,kg,517.206,404.000
2025-03-14,MAT-018,kg,791.508,404.000
2025-03-15,MAT-018,kg,748.532,404.000
2025-03-16,MAT-018,kg,725.108,404.000
2025-03-17,MAT-018,kg,715.009,404.000
2025-03-18,MAT-018,kg,653.681,404.000
2025-03-19,MAT-018,kg,612.280,404.000
2025-03-20,MAT-018,kg,590.326,404.000
2025-03-21,MAT-018,kg,566.535,404.000
2025-03-22,MAT-018,kg,537.057,404.000
2025-03-23,MAT-018,kg,803.468,404.000
2025-03-24,MAT-018,kg,756.030,404.000
2025-03-25,MAT-018,kg,716.313,404.000
2025-03-26,MAT-018,kg,679.803,404.000
2025-03-27,MAT-018,kg,650.437,404.000
2025-03-28,MAT-018,kg,612.168,404.000
2025-03-29,MAT-018,kg,592.810,404.000
2025-03-30,MAT-018,kg,575.018,404.000
2025-03-31,MAT-018,kg,523.230,404.000
2025-01-01,MAT-019,m,812.325,416.000
2025-01-02,MAT-019,m,803.246,416.000
2025-01-03,MAT-019,m,769.805,416.000
2025-01-04,MAT-019,m,707.287,416.000
2025-01-05,MAT-019,m,692.332,416.000
2025-01-06,MAT-019,m,646.747,416.000
2025-01-07,MAT-019,m,624.224,416.000
2025-01-08,MAT-019,m,607.278,416.000
2025-01-09,MAT-019,m,559.592,416.000
2025-01-10,MAT-019,m,558.177,416.000
2025-01-11,MAT-019,m,812.118,416.000
2025-01-12,MAT-019,m,805.426,416.000
2025-01-13,MAT-019,m,764.978,416.000
2025-01-14,MAT-019,m,716.660,416.000
2025-01-15,MAT-019,m,704.593,416.000
2025-01-16,MAT-019,m,678.805,416.000
2025-01-17,MAT-019,m,632.154,416.000
2025-01-18,MAT-019,m,607.892,416.000
2025-01-19,MAT-019,m,555.666,416.000
2025-01-20,MAT-019,m,559.360,416.000
2025-01-21,MAT-019,m,820.419,416.000
2025-01-22,MAT-019,m,772.934,416.000
2025-01-23,MAT-019,m,759.345,416.000
2025-01-24,MAT-019,m,729.181,416.000
2025-01-25,MAT-019,m,694.624,416.000
2025-01-26,MAT-019,m,653.520,416.000
2025-01-27,MAT-019,m,644.503,416.000
2025-01-28,MAT-019,m,601.462,416.000
2025-01-29,MAT-019,m,569.196,416.000
2025-01-30,MAT-019,m,537.802,416.000
2025-01-31,MAT-019,m,839.628,416.000
2025-02-01,MAT-019,m,802.180,416.000
2025-02-02,MAT-019,m,761.493,416.000
2025-02-03,MAT-019,m,715.234,416.000
2025-02-04,MAT-019,m,685.045,416.000
2025-02-05,MAT-019,m,658.337,416.000
2025-02-06,MAT-019,m,625.260,416.000
2025-02-07,MAT-019,m,592.116,416.000
2025-02-08,MAT-019,m,552.649,416.000
2025-02-09,MAT-019,m,556.264,416.000
2025-02-10,MAT-019,m,814.197,416.000
2025-02-11,MAT-019,m,775.977,416.000
2025-02-12,MAT-019,m,776.468,416.000
2025-02-13,MAT-019,m,741.150,416.000
2025-02-14,MAT-019,m,702.100,416.000
2025-02-15,MAT-019,m,665.567,416.000
2025-02-16,MAT-019,m,628.523,416.000
2025-02-17,MAT-019,m,596.391,416.000
2025-02-18,MAT-019,m,559.985,416.000
2025-02-19,MAT-019,m,520.806,416.000
2025-02-20,MAT-019,m,802.814,416.000
2025-02-21,MAT-019,m,801.996,416.000
2025-02-22,MAT-019,m,777.462,416.000
2025-02-23,MAT-019,m,730.170,416.000
2025-02-24,MAT-019,m,681.382,416.000
2025-02-25,MAT-019,m,661.269,416.000
2025-02-26,MAT-019,m,619.624,416.000
2025-02-27,MAT-019,m,617.320,416.000
2025-02-28,MAT-019,m,572.767,416.000
2025-03-01,MAT-019,m,555.475,416.000
2025-03-02,MAT-019,m,800.759,416.000
2025-03-03,MAT-019,m,783.863,416.000
2025-03-04,MAT-019,m,762.794,416.000
2025-03-05,MAT-019,m,718.432,416.000
2025-03-06,MAT-019,m,684.045,416.000
2025-03-07,MAT-019,m,653.269,416.000
2025-03-08,MAT-019,m,640.103,416.000
2025-03-09,MAT-019,m,614.745,416.000
2025-03-10,MAT-019,m,552.887,416.000
2025-03-11,MAT-019,m,518.332,416.000
2025-03-12,MAT-019,m,830.154,416.000
2025-03-13,MAT-019,m,784.972,416.000
2025-03-14,MAT-019,m,755.796,416.000
2025-03-15,MAT-019,m,713.060,416.000
2025-03-16,MAT-019,m,698.111,416.000
2025-03-17,MAT-019,m,646.187,416.000
2025-03-18,MAT-019,m,638.738,416.000
2025-03-19,MAT-019,m,605.732,416.000
2025-03-20,MAT-019,m,564.330,416.000
2025-03-21,MAT-019,m,535.402,416.000
2025-03-22,MAT-019,m,803.763,416.000
2025-03-23,MAT-019,m,789.252,416.000
2025-03-24,MAT-019,m,760.277,416.000
2025-03-25,MAT-019,m,718.643,416.000
2025-03-26,MAT-019,m,685.415,416.000
2025-03-27,MAT-019,m,677.835,416.000
2025-03-28,MAT-019,m,614.145,416.000
2025-03-29,MAT-019,m,621.913,416.000
2025-03-30,MAT-019,m,565.903,416.000
2025-03-31,MAT-019,m,548.223,416.000
2025-01-01,MAT-020,l,856.936,428.000
2025-01-02,MAT-020,l,795.162,428.000
2025-01-03,MAT-020,l,773.691,428.000
2025-01-04,MAT-020,l,770.403,428.000
2025-01-05,MAT-020,l,706.482,428.000
2025-01-06,MAT-020,l,708.440,428.000
2025-01-07,MAT-020,l,659.136,428.000
2025-01-08,MAT-020,l,633.919,428.000
2025-01-09,MAT-020,l,624.511,428.000
2025-01-10,MAT-020,l,591.331,428.000
2025-01-11,MAT-020,l,542.934,428.000
2025-01-12,MAT-020,l,856.518,428.000
2025-01-13,MAT-020,l,830.969,428.000
2025-01-14,MAT-020,l,787.796,428.000
2025-01-15,MAT-020,l,768.205,428.000
2025-01-16,MAT-020,l,737.658,428.000
2025-01-17,MAT-020,l,697.254,428.000
2025-01-18,MAT-020,l,659.846,428.000
2025-01-19,MAT-020,l,624.770,428.000
2025-01-20,MAT-020,l,596.548,428.000
2025-01-21,MAT-020,l,582.109,428.000
2025-01-22,MAT-020,l,552.484,428.000
2025-01-23,MAT-020,l,830.618,428.000
2025-01-24,MAT-020,l,816.774,428.000
2025-01-25,MAT-020,l,763.953,428.000
2025-01-26,MAT-020,l,769.723,428.000
2025-01-27,MAT-020,l,745.111,428.000
2025-01-28,MAT-020,l,716.978,428.000
2025-01-29,MAT-020,l,679.228,428.000
2025-01-30,MAT-020,l,627.099,428.000
2025-01-31,MAT-020,l,597.272,428.000
2025-02-01,MAT-020,l,599.334,428.000
2025-02-02,MAT-020,l,547.039,428.000
2025-02-03,MAT-020,l,837.233,428.000
2025-02-04,MAT-020,l,830.240,428.000
2025-02-05,MAT-020,l,797.921,428.000
2025-02-06,MAT-020,l,734.686,428.000
2025-02-07,MAT-020,l,736.885,428.000
2025-02-08,MAT-020,l,681.219,428.000
2025-02-09,MAT-020,l,659.032,428.000
2025-02-10,MAT-020,l,644.061,428.000
2025-02-11,MAT-020,l,588.690,428.000
2025-02-12,MAT-020,l,563.231,428.000
2025-02-13,MAT-020,l,561.777,428.000
2025-02-14,MAT-020,l,844.765,428.000
2025-02-15,MAT-020,l,823.826,428.000
2025-02-16,MAT-020,l,781.495,428.000
2025-02-17,MAT-020,l,737.456,428.000
2025-02-18,MAT-020,l,740.861,428.000
2025-02-19,MAT-020,l,680.448,428.000
2025-02-20,MAT-020,l,647.489,428.000
2025-02-21,MAT-020,l,624.255,428.000
2025-02-22,MAT-020,l,603.974,428.000
2025-02-23,MAT-020,l,578.582,428.000
2025-02-24,MAT-020,l,566.442,428.000
2025-02-25,MAT-020,l,848.225,428.000
2025-02-26,MAT-020,l,799.270,428.000
2025-02-27,MAT-020,l,765.479,428.000
2025-02-28,MAT-020,l,738.341,428.000
2025-03-01,MAT-020,l,727.974,428.000
2025-03-02,MAT-020,l,677.496,428.000
2025-03-03,MAT-020,l,671.739,428.000
2025-03-04,MAT-020,l,657.470,428.000
2025-03-05,MAT-020,l,627.592,428.000
2025-03-06,MAT-020,l,569.378,428.000
2025-03-07,MAT-020,l,557.400,428.000
2025-03-08,MAT-020,l,846.902,428.000
2025-03-09,MAT-020,l,799.362,428.000
2025-03-10,MAT-020,l,772.948,428.000
2025-03-11,MAT-020,l,741.676,428.000
2025-03-12,MAT-020,l,710.609,428.000
2025-03-13,MAT-020,l,715.381,428.000
2025-03-14,MAT-020,l,680.502,428.000
2025-03-15,MAT-020,l,660.056,428.000
2025-03-16,MAT-020,l,601.910,428.000
2025-03-17,MAT-020,l,598.109,428.000
2025-03-18,MAT-020,l,531.177,428.000
2025-03-19,MAT-020,l,831.857,428.000
2025-03-20,MAT-020,l,808.428,428.000
2025-03-21,MAT-020,l,771.309,428.000
2025-03-22,MAT-020,l,763.537,428.000
2025-03-23,MAT-020,l,745.411,428.000
2025-03-24,MAT-020,l,685.814,428.000
2025-03-25,MAT-020,l,677.480,428.000
2025-03-26,MAT-020,l,657.234,428.000
2025-03-27,MAT-020,l,629.118,428.000
2025-03-28,MAT-020,l,563.747,428.000
2025-03-29,MAT-020,l,565.827,428.000
2025-03-30,MAT-020,l,862.002,428.000
2025-03-31,MAT-020,l,834.658,428.000
2025-01-01,MAT-021,ea,867,440
2025-01-02,MAT-021,ea,808,440
2025-01-03,MAT-021,ea,763,440
2025-01-04,MAT-021,ea,737,440
2025-01-05,MAT-021,ea,674,440
2025-01-06,MAT-021,ea,650,440
2025-01-07,MAT-021,ea,562,440
2025-01-08,MAT-021,ea,874,440
2025-01-09,MAT-021,ea,800,440
2025-01-10,MAT-021,ea,754,440
2025-01-11,MAT-021,ea,736,440
2025-01-12,MAT-021,ea,681,440
2025-01-13,MAT-021,ea,617,440
2025-01-14,MAT-021,ea,568,440
2025-01-15,MAT-021,ea,861,440
2025-01-16,MAT-021,ea,804,440
2025-01-17,MAT-021,ea,754,440
2025-01-18,MAT-021,ea,719,440
2025-01-19,MAT-021,ea,696,440
2025-01-20,MAT-021,ea,614,440
2025-01-21,MAT-021,ea,570,440
2025-01-22,MAT-021,ea,848,440
2025-01-23,MAT-021,ea,803,440
2025-01-24,MAT-021,ea,786,440
2025-01-25,MAT-021,ea,739,440
2025-01-26,MAT-021,ea,666,440
2025-01-27,MAT-021,ea,644,440
2025-01-28,MAT-021,ea,606,440
2025-01-29,MAT-021,ea,853,440
2025-01-30,MAT-021,ea,839,440
2025-01-31,MAT-021,ea,776,440
2025-02-01,MAT-021,ea,709,440
2025-02-02,MAT-021,ea,691,440
2025-02-03,MAT-021,ea,649,440
2025-02-04,MAT-021,ea,577,440
2025-02-05,MAT-021,ea,865,440
2025-02-06,MAT-021,ea,809,440
2025-02-07,MAT-021,ea,759,440
2025-02-08,MAT-021,ea,705,440
2025-02-09,MAT-021,ea,691,440
2025-02-10,MAT-021,ea,626,440
2025-02-11,MAT-021,ea,586,440
2025-02-12,MAT-021,ea,853,440
2025-02-13,MAT-021,ea,826,440
2025-02-14,MAT-021,ea,777,440
2025-02-15,MAT-021,ea,735,440
2025-02-16,MAT-021,ea,658,440
2025-02-17,MAT-021,ea,620,440
2025-02-18,MAT-021,ea,582,440
2025-02-19,MAT-021,ea,888,440
2025-02-20,MAT-021,ea,838,440
2025-02-21,MAT-021,ea,762,440
2025-02-22,MAT-021,ea,742,440
2025-02-23,MAT-021,ea,697,440
2025-02-24,MAT-021,ea,624,440
2025-02-25,MAT-021,ea,579,440
2025-02-26,MAT-021,ea,857,440
2025-02-27,MAT-021,ea,801,440
2025-02-28,MAT-021,ea,780,440
2025-03-01,MAT-021,ea,733,440
2025-03-02,MAT-021,ea,674,440
2025-03-03,MAT-021,ea,615,440
2025-03-04,MAT-021,ea,583,440
2025-03-05,MAT-021,ea,886,440
2025-03-06,MAT-021,ea,818,440
2025-03-07,MAT-021,ea,793,440
2025-03-08,MAT-021,ea,715,440
2025-03-09,MAT-021,ea,679,440
2025-03-10,MAT-021,ea,636,440
2025-03-11,MAT-021,ea,597,440
2025-03-12,MAT-021,ea,887,440
2025-03-13,MAT-021,ea,835,440
2025-03-14,MAT-021,ea,786,440
2025-03-15,MAT-021,ea,706,440
2025-03-16,MAT-021,ea,686,440
2025-03-17,MAT-021,ea,650,440
2025-03-18,MAT-021,ea,603,440
2025-03-19,MAT-021,ea,867,440
2025-03-20,MAT-021,ea,803,440
2025-03-21,MAT-021,ea,758,440
2025-03-22,MAT-021,ea,711,440
2025-03-23,MAT-021,ea,676,440
2025-03-24,MAT-021,ea,647,440
2025-03-25,MAT-021,ea,598,440
2025-03-26,MAT-021,ea,858,440
2025-03-27,MAT-021,ea,831,440
2025-03-28,MAT-021,ea,756,440
2025-03-29,MAT-021,ea,723,440
2025-03-30,MAT-021,ea,665,440
2025-03-31,MAT-021,ea,644,440
2025-01-01,MAT-022,kg,880.723,452.000
2025-01-02,MAT-022,kg,864.555,452.000
2025-01-03,MAT-022,kg,816.651,452.000
2025-01-04,MAT-022,kg,770.336,452.000
2025-01-05,MAT-022,kg,718.259,452.000
2025-01-06,MAT-022,kg,670.246,452.000
2025-01-07,MAT-022,kg,626.695,452.000
2025-01-08,MAT-022,kg,584.220,452.000
2025-01-09,MAT-022,kg,895.334,452.000
2025-01-10,MAT-022,kg,837.762,452.000
2025-01-11,MAT-022,kg,824.862,452.000
2025-01-12,MAT-022,kg,781.886,452.000
2025-01-13,MAT-022,kg,718.706,452.000
2025-01-14,MAT-022,kg,692.605,452.000
2025-01-15,MAT-022,kg,639.127,452.000
2025-01-16,MAT-022,kg,589.545,452.000
2025-01-17,MAT-022,kg,884.758,452.000
2025-01-18,MAT-022,kg,863.803,452.000
2025-01-19,MAT-022,kg,783.964,452.000
2025-01-20,MAT-022,kg,772.682,452.000
2025-01-21,MAT-022,kg,707.268,452.000
2025-01-22,MAT-022,kg,666.186,452.000
2025-01-23,MAT-022,kg,645.395,452.000
2025-01-24,MAT-022,kg,599.616,452.000
2025-01-25,MAT-022,kg,879.033,452.000
2025-01-26,MAT-022,kg,854.675,452.000
2025-01-27,MAT-022,kg,785.224,452.000
2025-01-28,MAT-022,kg,774.653,452.000
2025-01-29,MAT-022,kg,709.778,452.000
2025-01-30,MAT-022,kg,679.575,452.000
2025-01-31,MAT-022,kg,623.025,452.000
2025-02-01,MAT-022,kg,602.512,452.000
2025-02-02,MAT-022,kg,886.714,452.000
2025-02-03,MAT-022,kg,827.086,452.000
2025-02-04,MAT-022,kg,788.919,452.000
2025-02-05,MAT-022,kg,776.898,452.000
2025-02-06,MAT-022,kg,705.343,452.000
2025-02-07,MAT-022,kg,660.264,452.000
2025-02-08,MAT-022,kg,653.132,452.000
2025-02-09,MAT-022,kg,585.450,452.000
2025-02-10,MAT-022,kg,903.596,452.000
2025-02-11,MAT-022,kg,856.318,452.000
2025-02-12,MAT-022,kg,820.792,452.000
2025-02-13,MAT-022,kg,760.291,452.000
2025-02-14,MAT-022,kg,727.385,452.000
2025-02-15,MAT-022,kg,663.351,452.000
2025-02-16,MAT-022,kg,636.503,452.000
2025-02-17,MAT-022,kg,579.561,452.000
2025-02-18,MAT-022,kg,870.283,452.000
2025-02-19,MAT-022,kg,825.702,452.000
2025-02-20,MAT-022,kg,805.495,452.000
2025-02-21,MAT-022,kg,782.611,452.000
2025-02-22,MAT-022,kg,712.473,452.000
2025-02-23,MAT-022,kg,656.671,452.000
2025-02-24,MAT-022,kg,634.300,452.000
2025-02-25,MAT-022,kg,591.691,452.000
2025-02-26,MAT-022,kg,889.484,452.000
2025-02-27,MAT-022,kg,839.168,452.000
2025-02-28,MAT-022,kg,814.205,452.000
2025-03-01,MAT-022,kg,759.642,452.000
2025-03-02,MAT-022,kg,710.358,452.000
2025-03-03,MAT-022,kg,688.471,452.000
2025-03-04,MAT-022,kg,640.823,452.000
2025-03-05,MAT-022,kg,576.386,452.000
2025-03-06,MAT-022,kg,909.170,452.000
2025-03-07,MAT-022,kg,868.399,452.000
2025-03-08,MAT-022,kg,805.885,452.000
2025-03-09,MAT-022,kg,769.194,452.000
2025-03-10,MAT-022,kg,710.657,452.000
2025-03-11,MAT-022,kg,686.871,452.000
2025-03-12,MAT-022,kg,631.948,452.000
2025-03-13,MAT-022,kg,589.906,452.000
2025-03-14,MAT-022,kg,880.437,452.000
2025-03-15,MAT-022,kg,864.515,452.000
2025-03-16,MAT-022,kg,793.182,452.000
2025-03-17,MAT-022,kg,747.515,452.000
2025-03-18,MAT-022,kg,719.508,452.000
2025-03-19,MAT-022,kg,676.082,452.000
2025-03-20,MAT-022,kg,613.870,452.000
2025-03-21,MAT-022,kg,598.963,452.000
2025-03-22,MAT-022,kg,893.873,452.000
2025-03-23,MAT-022,kg,849.625,452.000
2025-03-24,MAT-022,kg,784.554,452.000
2025-03-25,MAT-022,kg,774.742,452.000
2025-03-26,MAT-022,kg,709.946,452.000
2025-03-27,MAT-022,kg,669.939,452.000
2025-03-28,MAT-022,kg,656.733,452.000
2025-03-29,MAT-022,kg,598.219,452.000
2025-03-30,MAT-022,kg,887.996,452.000
2025-03-31,MAT-022,kg,843.374,452.000
2025-01-01,MAT-023,m,902.572,464.000
2025-01-02,MAT-023,m,856.067,464.000
2025-01-03,MAT-023,m,814.395,464.000
2025-01-04,MAT-023,m,811.309,464.000
2025-01-05,MAT-023,m,738.045,464.000
2025-01-06,MAT-023,m,738.169,464.000
2025-01-07,MAT-023,m,700.343,464.000
2025-01-08,MAT-023,m,629.095,464.000
2025-01-09,MAT-023,m,595.795,464.000
2025-01-10,MAT-023,m,902.387,464.000
2025-01-11,MAT-023,m,892.505,464.000
2025-01-12,MAT-023,m,835.276,464.000
2025-01-13,MAT-023,m,792.323,464.000
2025-01-14,MAT-023,m,757.076,464.000
2025-01-15,MAT-023,m,714.330,464.000
2025-01-16,MAT-023,m,692.639,464.000
2025-01-17,MAT-023,m,666.024,464.000
2025-01-18,MAT-023,m,623.933,464.000
2025-01-19,MAT-023,m,930.844,464.000
2025-01-20,MAT-023,m,891.328,464.000
2025-01-21,MAT-023,m,848.656,464.000
2025-01-22,MAT-023,m,813.621,464.000
2025-01-23,MAT-023,m,736.869,464.000
2025-01-24,MAT-023,m,712.396,464.000
2025-01-25,MAT-023,m,699.081,464.000
2025-01-26,MAT-023,m,631.442,464.000
2025-01-27,MAT-023,m,620.112,464.000
2025-01-28,MAT-023,m,936.528,464.000
2025-01-29,MAT-023,m,852.527,464.000
2025-01-30,MAT-023,m,858.917,464.000
2025-01-31,MAT-023,m,796.483,464.000
2025-02-01,MAT-023,m,774.882,464.000
2025-02-02,MAT-023,m,740.985,464.000
2025-02-03,MAT-023,m,661.334,464.000
2025-02-04,MAT-023,m,643.525,464.000
2025-02-05,MAT-023,m,582.047,464.000
2025-02-06,MAT-023,m,935.017,464.000
2025-02-07,MAT-023,m,883.753,464.000
2025-02-08,MAT-023,m,849.806,464.000
2025-02-09,MAT-023,m,792.687,464.000
2025-02-10,MAT-023,m,759.261,464.000
2025-02-11,MAT-023,m,737.082,464.000
2025-02-12,MAT-023,m,699.391,464.000
2025-02-13,MAT-023,m,622.255,464.000
2025-02-14,MAT-023,m,609.553,464.000
2025-02-15,MAT-023,m,891.336,464.000
2025-02-16,MAT-023,m,868.063,464.000
2025-02-17,MAT-023,m,818.857,464.000
2025-02-18,MAT-023,m,792.295,464.000
2025-02-19,MAT-023,m,740.473,464.000
2025-02-20,MAT-023,m,710.904,464.000
2025-02-21,MAT-023,m,673.572,464.000
2025-02-22,MAT-023,m,623.984,464.000
2025-02-23,MAT-023,m,612.423,464.000
2025-02-24,MAT-023,m,921.322,464.000
2025-02-25,MAT-023,m,857.833,464.000
2025-02-26,MAT-023,m,818.201,464.000
2025-02-27,MAT-023,m,801.435,464.000
2025-02-28,MAT-023,m,763.781,464.000
2025-03-01,MAT-023,m,716.828,464.000
2025-03-02,MAT-023,m,672.719,464.000
2025-03-03,MAT-023,m,659.209,464.000
2025-03-04,MAT-023,m,609.317,464.000
2025-03-05,MAT-023,m,917.477,464.000
2025-03-06,MAT-023,m,893.265,464.000
2025-03-07,MAT-023,m,842.400,464.000
2025-03-08,MAT-023,m,798.401,464.000
2025-03-09,MAT-023,m,764.493,464.000
2025-03-10,MAT-023,m,732.540,464.000
2025-03-11,MAT-023,m,693.145,464.000
2025-03-12,MAT-023,m,666.252,464.000
2025-03-13,MAT-023,m,592.857,464.000
2025-03-14,MAT-023,m,928.190,464.000
2025-03-15,MAT-023,m,886.139,464.000
2025-03-16,MAT-023,m,843.911,464.000
2025-03-17,MAT-023,m,803.356,464.000
2025-03-18,MAT-023,m,744.618,464.000
2025-03-19,MAT-023,m,725.644,464.000
2025-03-20,MAT-023,m,679.796,464.000
2025-03-21,MAT-023,m,633.582,464.000
2025-03-22,MAT-023,m,594.337,464.000
2025-03-23,MAT-023,m,921.680,464.000
2025-03-24,MAT-023,m,859.881,464.000
2025-03-25,MAT-023,m,818.760,464.000
2025-03-26,MAT-023,m,800.265,464.000
2025-03-27,MAT-023,m,754.174,464.000
2025-03-28,MAT-023,m,703.917,464.000
2025-03-29,MAT-023,m,696.745,464.000
2025-03-30,MAT-023,m,651.599,464.000
2025-03-31,MAT-023,m,585.353,464.000
2025-01-01,MAT-024,l,954.784,476.000
2025-01-02,MAT-024,l,885.892,476.000
2025-01-03,MAT-024,l,843.630,476.000
2025-01-04,MAT-024,l,842.175,476.000
2025-01-05,MAT-024,l,789.921,476.000
2025-01-06,MAT-024,l,773.630,476.000
2025-01-07,MAT-024,l,724.837,476.000
2025-01-08,MAT-024,l,682.602,476.000
2025-01-09,MAT-024,l,665.152,476.000
2025-01-10,MAT-024,l,602.010,476.000
2025-01-11,MAT-024,l,932.965,476.000
2025-01-12,MAT-024,l,880.153,476.000
2025-01-13,MAT-024,l,865.031,476.000
2025-01-14,MAT-024,l,815.174,476.000
2025-01-15,MAT-024,l,786.932,476.000
2025-01-16,MAT-024,l,782.708,476.000
2025-01-17,MAT-024,l,743.118,476.000
2025-01-18,MAT-024,l,705.425,476.000
2025-01-19,MAT-024,l,647.850,476.000
2025-01-20,MAT-024,l,612.097,476.000
2025-01-21,MAT-024,l,946.945,476.000
2025-01-22,MAT-024,l,884.251,476.000
2025-01-23,MAT-024,l,846.910,476.000
2025-01-24,MAT-024,l,837.990,476.000
2025-01-25,MAT-024,l,804.693,476.000
2025-01-26,MAT-024,l,776.969,476.000
2025-01-27,MAT-024,l,741.278,476.000
2025-01-28,MAT-024,l,674.611,476.000
2025-01-29,MAT-024,l,640.216,476.000
2025-01-30,MAT-024,l,613.764,476.000
2025-01-31,MAT-024,l,921.487,476.000
2025-02-01,MAT-024,l,892.405,476.000
2025-02-02,MAT-024,l,873.491,476.000
2025-02-03,MAT-024,l,840.026,476.000
2025-02-04,MAT-024,l,775.406,476.000
2025-02-05,MAT-024,l,773.777,476.000
2025-02-06,MAT-024,l,722.718,476.000
2025-02-07,MAT-024,l,680.424,476.000
2025-02-08,MAT-024,l,630.156,476.000
2025-02-09,MAT-024,l,606.519,476.000
2025-02-10,MAT-024,l,928.628,476.000
2025-02-11,MAT-024,l,898.219,476.000
2025-02-12,MAT-024,l,856.629,476.000
2025-02-13,MAT-024,l,811.947,476.000
2025-02-14,MAT-024,l,777.144,476.000
2025-02-15,MAT-024,l,748.618,476.000
2025-02-16,MAT-024,l,726.463,476.000
2025-02-17,MAT-024,l,676.144,476.000
2025-02-18,MAT-024,l,652.207,476.000
2025-02-19,MAT-024,l,625.320,476.000
2025-02-20,MAT-024,l,921.497,476.000
2025-02-21,MAT-024,l,925.513,476.000
2025-02-22,MAT-024,l,887.718,476.000
2025-02-23,MAT-024,l,828.206,476.000
2025-02-24,MAT-024,l,786.373,476.000
2025-02-25,MAT-024,l,762.872,476.000
2025-02-26,MAT-024,l,743.930,476.000
2025-02-27,MAT-024,l,691.570,476.000
2025-02-28,MAT-024,l,650.125,476.000
2025-03-01,MAT-024,l,635.215,476.000
2025-03-02,MAT-024,l,923.832,476.000
2025-03-03,MAT-024,l,918.757,476.000
2025-03-04,MAT-024,l,864.237,476.000
2025-03-05,MAT-024,l,848.643,476.000
2025-03-06,MAT-024,l,782.974,476.000
2025-03-07,MAT-024,l,781.544,476.000
2025-03-08,MAT-024,l,706.867,476.000
2025-03-09,MAT-024,l,672.157,476.000
2025-03-10,MAT-024,l,628.528,476.000
2025-03-11,MAT-024,l,615.680,476.000
2025-03-12,MAT-024,l,932.104,476.000
2025-03-13,MAT-024,l,895.461,476.000
2025-03-14,MAT-024,l,881.291,476.000
2025-03-15,MAT-024,l,847.372,476.000
2025-03-16,MAT-024,l,815.852,476.000
2025-03-17,MAT-024,l,761.368,476.000
2025-03-18,MAT-024,l,711.642,476.000
2025-03-19,MAT-024,l,665.358,476.000
2025-03-20,MAT-024,l,669.901,476.000
2025-03-21,MAT-024,l,639.650,476.000
2025-03-22,MAT-024,l,948.086,476.000
2025-03-23,MAT-024,l,925.553,476.000
2025-03-24,MAT-024,l,889.436,476.000
2025-03-25,MAT-024,l,810.812,476.000
2025-03-26,MAT-024,l,789.127,476.000
2025-03-27,MAT-024,l,763.186,476.000
2025-03-28,MAT-024,l,704.415,476.000
2025-03-29,MAT-024,l,686.104,476.000
2025-03-30,MAT-024,l,667.345,476.000
2025-03-31,MAT-024,l,609.611,476.000
2025-01-01,MAT-025,ea,980,488
2025-01-02,MAT-025,ea,913,488
2025-01-03,MAT-025,ea,907,488
2025-01-04,MAT-025,ea,845,488
2025-01-05,MAT-025,ea,814,488
2025-01-06,MAT-025,ea,786,488
2025-01-07,MAT-025,ea,778,488
2025-01-08,MAT-025,ea,737,488
2025-01-09,MAT-025,ea,684,488
2025-01-10,MAT-025,ea,683,488
2025-01-11,MAT-025,ea,637,488
2025-01-12,MAT-025,ea,977,488
2025-01-13,MAT-025,ea,922,488
2025-01-14,MAT-025,ea,881,488
2025-01-15,MAT-025,ea,844,488
2025-01-16,MAT-025,ea,832,488
2025-01-17,MAT-025,ea,777,488
2025-01-18,MAT-025,ea,766,488
2025-01-19,MAT-025,ea,705,488
2025-01-20,MAT-025,ea,710,488
2025-01-21,MAT-025,ea,653,488
2025-01-22,MAT-025,ea,645,488
2025-01-23,MAT-025,ea,974,488
2025-01-24,MAT-025,ea,921,488
2025-01-25,MAT-025,ea,899,488
2025-01-26,MAT-025,ea,842,488
2025-01-27,MAT-025,ea,835,488
2025-01-28,MAT-025,ea,808,488
2025-01-29,MAT-025,ea,758,488
2025-01-30,MAT-025,ea,738,488
2025-01-31,MAT-025,ea,691,488
2025-02-01,MAT-025,ea,655,488
2025-02-02,MAT-025,ea,626,488
2025-02-03,MAT-025,ea,964,488
2025-02-04,MAT-025,ea,913,488
2025-02-05,MAT-025,ea,900,488
2025-02-06,MAT-025,ea,852,488
2025-02-07,MAT-025,ea,805,488
2025-02-08,MAT-025,ea,783,488
2025-02-09,MAT-025,ea,769,488
2025-02-10,MAT-025,ea,720,488
2025-02-11,MAT-025,ea,712,488
2025-02-12,MAT-025,ea,674,488
2025-02-13,MAT-025,ea,619,488
2025-02-14,MAT-025,ea,958,488
2025-02-15,MAT-025,ea,941,488
2025-02-16,MAT-025,ea,873,488
2025-02-17,MAT-025,ea,878,488
2025-02-18,MAT-025,ea,822,488
2025-02-19,MAT-025,ea,804,488
2025-02-20,MAT-025,ea,780,488
2025-02-21,MAT-025,ea,705,488
2025-02-22,MAT-025,ea,671,488
2025-02-23,MAT-025,ea,669,488
2025-02-24,MAT-025,ea,651,488
2025-02-25,MAT-025,ea,962,488
2025-02-26,MAT-025,ea,930,488
2025-02-27,MAT-025,ea,887,488
2025-02-28,MAT-025,ea,880,488
2025-03-01,MAT-025,ea,838,488
2025-03-02,MAT-025,ea,801,488
2025-03-03,MAT-025,ea,753,488
2025-03-04,MAT-025,ea,718,488
2025-03-05,MAT-025,ea,704,488
2025-03-06,MAT-025,ea,675,488
2025-03-07,MAT-025,ea,638,488
2025-03-08,MAT-025,ea,986,488
2025-03-09,MAT-025,ea,934,488
2025-03-10,MAT-025,ea,888,488
2025-03-11,MAT-025,ea,879,488
2025-03-12,MAT-025,ea,849,488
2025-03-13,MAT-025,ea,772,488
2025-03-14,MAT-025,ea,771,488
2025-03-15,MAT-025,ea,730,488
2025-03-16,MAT-025,ea,695,488
2025-03-17,MAT-025,ea,678,488
2025-03-18,MAT-025,ea,627,488
2025-03-19,MAT-025,ea,963,488
2025-03-20,MAT-025,ea,936,488
2025-03-21,MAT-025,ea,879,488
2025-03-22,MAT-025,ea,847,488
2025-03-23,MAT-025,ea,813,488
2025-03-24,MAT-025,ea,805,488
2025-03-25,MAT-025,ea,752,488
2025-03-26,MAT-025,ea,741,488
2025-03-27,MAT-025,ea,677,488
2025-03-28,MAT-025,ea,648,488
2025-03-29,MAT-025,ea,609,488
2025-03-30,MAT-025,ea,939,488
2025-03-31,MAT-025,ea,904,488
2025-01-01,MAT-026,kg,988.210,500.000
2025-01-02,MAT-026,kg,920.361,500.000
2025-01-03,MAT-026,kg,862.399,500.000
2025-01-04,MAT-026,kg,819.152,500.000
2025-01-05,MAT-026,kg,767.237,500.000
2025-01-06,MAT-026,kg,737.091,500.000
2025-01-07,MAT-026,kg,663.417,500.000
2025-01-08,MAT-026,kg,977.392,500.000
2025-01-09,MAT-026,kg,928.108,500.000
2025-01-10,MAT-026,kg,865.746,500.000
2025-01-11,MAT-026,kg,826.003,500.000
2025-01-12,MAT-026,kg,768.527,500.000
2025-01-13,MAT-026,kg,698.017,500.000
2025-01-14,MAT-026,kg,673.184,500.000
2025-01-15,MAT-026,kg,970.912,500.000
2025-01-16,MAT-026,kg,909.494,500.000
2025-01-17,MAT-026,kg,891.622,500.000
2025-01-18,MAT-026,kg,832.223,500.000
2025-01-19,MAT-026,kg,784.941,500.000
2025-01-20,MAT-026,kg,732.949,500.000
2025-01-21,MAT-026,kg,684.422,500.000
2025-01-22,MAT-026,kg,987.040,500.000
2025-01-23,MAT-026,kg,923.249,500.000
2025-01-24,MAT-026,kg,874.965,500.000
2025-01-25,MAT-026,kg,820.600,500.000
2025-01-26,MAT-026,kg,772.620,500.000
2025-01-27,MAT-026,kg,742.058,500.000
2025-01-28,MAT-026,kg,679.005,500.000
2025-01-29,MAT-026,kg,997.499,500.000
2025-01-30,MAT-026,kg,948.982,500.000
2025-01-31,MAT-026,kg,885.054,500.000
2025-02-01,MAT-026,kg,829.167,500.000
2025-02-02,MAT-026,kg,791.592,500.000
2025-02-03,MAT-026,kg,730.526,500.000
2025-02-04,MAT-026,kg,674.867,500.000
2025-02-05,MAT-026,kg,966.779,500.000
2025-02-06,MAT-026,kg,950.039,500.000
2025-02-07,MAT-026,kg,859.046,500.000
2025-02-08,MAT-026,kg,811.326,500.000
2025-02-09,MAT-026,kg,765.524,500.000
2025-02-10,MAT-026,kg,693.643,500.000
2025-02-11,MAT-026,kg,648.138,500.000
2025-02-12,MAT-026,kg,986.693,500.000
2025-02-13,MAT-026,kg,914.998,500.000
2025-02-14,MAT-026,kg,853.818,500.000
2025-02-15,MAT-026,kg,828.198,500.000
2025-02-16,MAT-026,kg,771.939,500.000
2025-02-17,MAT-026,kg,704.096,500.000
2025-02-18,MAT-026,kg,658.744,500.000
2025-02-19,MAT-026,kg,992.130,500.000
2025-02-20,MAT-026,kg,932.804,500.000
2025-02-21,MAT-026,kg,876.548,500.000
2025-02-22,MAT-026,kg,819.738,500.000
2025-02-23,MAT-026,kg,759.885,500.000
2025-02-24,MAT-026,kg,711.780,500.000
2025-02-25,MAT-026,kg,638.967,500.000
2025-02-26,MAT-026,kg,967.773,500.000
2025-02-27,MAT-026,kg,909.893,500.000
2025-02-28,MAT-026,kg,892.923,500.000
2025-03-01,MAT-026,kg,803.628,500.000
2025-03-02,MAT-026,kg,780.818,500.000
2025-03-03,MAT-026,kg,709.494,500.000
2025-03-04,MAT-026,kg,671.150,500.000
2025-03-05,MAT-026,kg,1005.837,500.000
2025-03-06,MAT-026,kg,930.692,500.000
2025-03-07,MAT-026,kg,899.961,500.000
2025-03-08,MAT-026,kg,825.540,500.000
2025-03-09,MAT-026,kg,788.446,500.000
2025-03-10,MAT-026,kg,729.914,500.000
2025-03-11,MAT-026,kg,663.325,500.000
2025-03-12,MAT-026,kg,976.725,500.000
2025-03-13,MAT-026,kg,913.336,500.000
2025-03-14,MAT-026,kg,856.416,500.000
2025-03-15,MAT-026,kg,805.951,500.000
2025-03-16,MAT-026,kg,786.143,500.000
2025-03-17,MAT-026,kg,720.537,500.000
2025-03-18,MAT-026,kg,664.830,500.000
2025-03-19,MAT-026,kg,990.297,500.000
2025-03-20,MAT-026,kg,913.963,500.000
2025-03-21,MAT-026,kg,880.919,500.000
2025-03-22,MAT-026,kg,821.457,500.000
2025-03-23,MAT-026,kg,783.651,500.000
2025-03-24,MAT-026,kg,722.660,500.000
2025-03-25,MAT-026,kg,677.193,500.000
2025-03-26,MAT-026,kg,1007.559,500.000
2025-03-27,MAT-026,kg,946.833,500.000
2025-03-28,MAT-026,kg,875.446,500.000
2025-03-29,MAT-026,kg,834.690,500.000
2025-03-30,MAT-026,kg,782.094,500.000
2025-03-31,MAT-026,kg,695.101,500.000
2025-01-01,MAT-027,m,985.302,512.000
2025-01-02,MAT-027,m,961.220,512.000
2025-01-03,MAT-027,m,899.249,512.000
2025-01-04,MAT-027,m,847.156,512.000
2025-01-05,MAT-027,m,828.727,512.000
2025-01-06,MAT-027,m,767.430,512.000
2025-01-07,MAT-027,m,717.280,512.000
2025-01-08,MAT-027,m,651.132,512.000
2025-01-09,MAT-027,m,1024.773,512.000
2025-01-10,MAT-027,m,960.658,512.000
2025-01-11,MAT-027,m,908.963,512.000
2025-01-12,MAT-027,m,851.640,512.000
2025-01-13,MAT-027,m,821.387,512.000
2025-01-14,MAT-027,m,745.569,512.000
2025-01-15,MAT-027,m,721.701,512.000
2025-01-16,MAT-027,m,684.123,512.000
2025-01-17,MAT-027,m,1008.146,512.000
2025-01-18,MAT-027,m,955.568,512.000
2025-01-19,MAT-027,m,935.589,512.000
2025-01-20,MAT-027,m,842.461,512.000
2025-01-21,MAT-027,m,837.236,512.000
2025-01-22,MAT-027,m,778.117,512.000
2025-01-23,MAT-027,m,705.586,512.000
2025-01-24,MAT-027,m,664.605,512.000
2025-01-25,MAT-027,m,1014.930,512.000
2025-01-26,MAT-027,m,942.516,512.000
2025-01-27,MAT-027,m,921.177,512.000
2025-01-28,MAT-027,m,884.378,512.000
2025-01-29,MAT-027,m,839.045,512.000
2025-01-30,MAT-027,m,769.770,512.000
2025-01-31,MAT-027,m,728.503,512.000
2025-02-01,MAT-027,m,675.608,512.000
2025-02-02,MAT-027,m,999.581,512.000
2025-02-03,MAT-027,m,954.614,512.000
2025-02-04,MAT-027,m,907.561,512.000
2025-02-05,MAT-027,m,839.353,512.000
2025-02-06,MAT-027,m,825.956,512.000
2025-02-07,MAT-027,m,774.912,512.000
2025-02-08,MAT-027,m,715.511,512.000
2025-02-09,MAT-027,m,649.302,512.000
2025-02-10,MAT-027,m,983.808,512.000
2025-02-11,MAT-027,m,970.753,512.000
2025-02-12,MAT-027,m,913.053,512.000
2025-02-13,MAT-027,m,875.747,512.000
2025-02-14,MAT-027,m,799.691,512.000
2025-02-15,MAT-027,m,751.213,512.000
2025-02-16,MAT-027,m,741.462,512.000
2025-02-17,MAT-027,m,689.898,512.000
2025-02-18,MAT-027,m,1005.638,512.000
2025-02-19,MAT-027,m,935.858,512.000
2025-02-20,MAT-027,m,901.474,512.000
2025-02-21,MAT-027,m,886.319,512.000
2025-02-22,MAT-027,m,794.769,512.000
2025-02-23,MAT-027,m,777.993,512.000
2025-02-24,MAT-027,m,724.199,512.000
2025-02-25,MAT-027,m,677.870,512.000
2025-02-26,MAT-027,m,993.781,512.000
2025-02-27,MAT-027,m,935.795,512.000
2025-02-28,MAT-027,m,891.011,512.000
2025-03-01,MAT-027,m,875.494,512.000
2025-03-02,MAT-027,m,804.134,512.000
2025-03-03,MAT-027,m,755.495,512.000
2025-03-04,MAT-027,m,714.285,512.000
2025-03-05,MAT-027,m,694.926,512.000
2025-03-06,MAT-027,m,1008.233,512.000
2025-03-07,MAT-027,m,974.259,512.000
2025-03-08,MAT-027,m,900.684,512.000
2025-03-09,MAT-027,m,889.763,512.000
2025-03-10,MAT-027,m,840.995,512.000
2025-03-11,MAT-027,m,743.639,512.000
2025-03-12,MAT-027,m,324.973,512.000
2025-03-13,MAT-027,m,432.424,512.000
2025-03-14,MAT-027,m,429.862,512.000
2025-03-15,MAT-027,m,336.192,512.000
2025-03-16,MAT-027,m,317.148,512.000
2025-03-17,MAT-027,m,335.919,512.000
2025-03-18,MAT-027,m,297.114,512.000
2025-03-19,MAT-027,m,774.985,512.000
2025-03-20,MAT-027,m,709.443,512.000
2025-03-21,MAT-027,m,679.498,512.000
2025-03-22,MAT-027,m,1005.697,512.000
2025-03-23,MAT-027,m,945.393,512.000
2025-03-24,MAT-027,m,915.366,512.000
2025-03-25,MAT-027,m,888.093,512.000
2025-03-26,MAT-027,m,817.391,512.000
2025-03-27,MAT-027,m,748.722,512.000
2025-03-28,MAT-027,m,738.460,512.000
2025-03-29,MAT-027,m,696.937,512.000
2025-03-30,MAT-027,m,1014.695,512.000
2025-03-31,MAT-027,m,941.814,512.000
2025-01-01,MAT-028,l,1024.767,524.000
2025-01-02,MAT-028,l,962.540,524.000
2025-01-03,MAT-028,l,922.670,524.000
2025-01-04,MAT-028,l,895.000,524.000
2025-01-05,MAT-028,l,860.478,524.000
2025-01-06,MAT-028,l,814.876,524.000
2025-01-07,MAT-028,l,793.599,524.000
2025-01-08,MAT-028,l,748.169,524.000
2025-01-09,MAT-028,l,672.513,524.000
2025-01-10,MAT-028,l,1027.809,524.000
2025-01-11,MAT-028,l,993.360,524.000
2025-01-12,MAT-028,l,935.176,524.000
2025-01-13,MAT-028,l,889.365,524.000
2025-01-14,MAT-028,l,854.709,524.000
2025-01-15,MAT-028,l,809.272,524.000
2025-01-16,MAT-028,l,759.022,524.000
2025-01-17,MAT-028,l,716.153,524.000
2025-01-18,MAT-028,l,662.997,524.000
2025-01-19,MAT-028,l,1033.444,524.000
2025-01-20,MAT-028,l,992.131,524.000
2025-01-21,MAT-028,l,954.716,524.000
2025-01-22,MAT-028,l,904.532,524.000
2025-01-23,MAT-028,l,866.062,524.000
2025-01-24,MAT-028,l,822.106,524.000
2025-01-25,MAT-028,l,788.919,524.000
2025-01-26,MAT-028,l,751.381,524.000
2025-01-27,MAT-028,l,706.412,524.000
2025-01-28,MAT-028,l,1026.077,524.000
2025-01-29,MAT-028,l,1013.115,524.000
2025-01-30,MAT-028,l,929.780,524.000
2025-01-31,MAT-028,l,889.257,524.000
2025-02-01,MAT-028,l,881.779,524.000
2025-02-02,MAT-028,l,839.209,524.000
2025-02-03,MAT-028,l,764.493,524.000
2025-02-04,MAT-028,l,731.821,524.000
2025-02-05,MAT-028,l,666.651,524.000
2025-02-06,MAT-028,l,1025.287,524.000
2025-02-07,MAT-028,l,985.786,524.000
2025-02-08,MAT-028,l,950.635,524.000
2025-02-09,MAT-028,l,876.442,524.000
2025-02-10,MAT-028,l,868.412,524.000
2025-02-11,MAT-028,l,821.322,524.000
2025-02-12,MAT-028,l,774.316,524.000
2025-02-13,MAT-028,l,747.148,524.000
2025-02-14,MAT-028,l,678.888,524.000
2025-02-15,MAT-028,l,1029.744,524.000
2025-02-16,MAT-028,l,973.182,524.000
2025-02-17,MAT-028,l,940.234,524.000
2025-02-18,MAT-028,l,913.598,524.000
2025-02-19,MAT-028,l,851.578,524.000
2025-02-20,MAT-028,l,806.037,524.000
2025-02-21,MAT-028,l,750.069,524.000
2025-02-22,MAT-028,l,703.036,524.000
2025-02-23,MAT-028,l,681.668,524.000
2025-02-24,MAT-028,l,1024.684,524.000
2025-02-25,MAT-028,l,999.600,524.000
2025-02-26,MAT-028,l,965.702,524.000
2025-02-27,MAT-028,l,907.447,524.000
2025-02-28,MAT-028,l,872.327,524.000
2025-03-01,MAT-028,l,810.562,524.000
2025-03-02,MAT-028,l,783.721,524.000
2025-03-03,MAT-028,l,707.161,524.000
2025-03-04,MAT-028,l,659.483,524.000
2025-03-05,MAT-028,l,1023.210,524.000
2025-03-06,MAT-028,l,989.270,524.000
2025-03-07,MAT-028,l,959.306,524.000
2025-03-08,MAT-028,l,889.067,524.000
2025-03-09,MAT-028,l,850.370,524.000
2025-03-10,MAT-028,l,820.501,524.000
2025-03-11,MAT-028,l,778.401,524.000
2025-03-12,MAT-028,l,728.241,524.000
2025-03-13,MAT-028,l,700.221,524.000
2025-03-14,MAT-028,l,1047.118,524.000
2025-03-15,MAT-028,l,989.703,524.000
2025-03-16,MAT-028,l,948.503,524.000
2025-03-17,MAT-028,l,892.928,524.000
2025-03-18,MAT-028,l,867.666,524.000
2025-03-19,MAT-028,l,808.453,524.000
2025-03-20,MAT-028,l,750.474,524.000
2025-03-21,MAT-028,l,731.185,524.000
2025-03-22,MAT-028,l,673.398,524.000
2025-03-23,MAT-028,l,1032.428,524.000
2025-03-24,MAT-028,l,980.744,524.000
2025-03-25,MAT-028,l,931.564,524.000
2025-03-26,MAT-028,l,892.306,524.000
2025-03-27,MAT-028,l,866.182,524.000
2025-03-28,MAT-028,l,830.975,524.000
2025-03-29,MAT-028,l,787.236,524.000
2025-03-30,MAT-028,l,718.813,524.000
2025-03-31,MAT-028,l,661.237,524.000
2025-01-01,MAT-029,ea,1052,536
2025-01-02,MAT-029,ea,1006,536
2025-01-03,MAT-029,ea,979,536
2025-01-04,MAT-029,ea,921,536
2025-01-05,MAT-029,ea,915,536
2025-01-06,MAT-029,ea,873,536
2025-01-07,MAT-029,ea,815,536
2025-01-08,MAT-029,ea,775,536
2025-01-09,MAT-029,ea,712,536
2025-01-10,MAT-029,ea,697,536
2025-01-11,MAT-029,ea,1060,536
2025-01-12,MAT-029,ea,1013,536
2025-01-13,MAT-029,ea,991,536
2025-01-14,MAT-029,ea,912,536
2025-01-15,MAT-029,ea,878,536
2025-01-16,MAT-029,ea,879,536
2025-01-17,MAT-029,ea,797,536
2025-01-18,MAT-029,ea,767,536
2025-01-19,MAT-029,ea,718,536
2025-01-20,MAT-029,ea,719,536
2025-01-21,MAT-029,ea,1082,536
2025-01-22,MAT-029,ea,1024,536
2025-01-23,MAT-029,ea,979,536
2025-01-24,MAT-029,ea,953,536
2025-01-25,MAT-029,ea,884,536
2025-01-26,MAT-029,ea,845,536
2025-01-27,MAT-029,ea,814,536
2025-01-28,MAT-029,ea,786,536
2025-01-29,MAT-029,ea,749,536
2025-01-30,MAT-029,ea,670,536
2025-01-31,MAT-029,ea,1068,536
2025-02-01,MAT-029,ea,1011,536
2025-02-02,MAT-029,ea,967,536
2025-02-03,MAT-029,ea,923,536
2025-02-04,MAT-029,ea,875,536
2025-02-05,MAT-029,ea,830,536
2025-02-06,MAT-029,ea,789,536
2025-02-07,MAT-029,ea,775,536
2025-02-08,MAT-029,ea,712,536
2025-02-09,MAT-029,ea,679,536
2025-02-10,MAT-029,ea,1081,536
2025-02-11,MAT-029,ea,1032,536
2025-02-12,MAT-029,ea,963,536
2025-02-13,MAT-029,ea,953,536
2025-02-14,MAT-029,ea,919,536
2025-02-15,MAT-029,ea,853,536
2025-02-16,MAT-029,ea,810,536
2025-02-17,MAT-029,ea,755,536
2025-02-18,MAT-029,ea,756,536
2025-02-19,MAT-029,ea,698,536
2025-02-20,MAT-029,ea,1035,536
2025-02-21,MAT-029,ea,1035,536
2025-02-22,MAT-029,ea,974,536
2025-02-23,MAT-029,ea,918,536
2025-02-24,MAT-029,ea,887,536
2025-02-25,MAT-029,ea,828,536
2025-02-26,MAT-029,ea,800,536
2025-02-27,MAT-029,ea,753,536
2025-02-28,MAT-029,ea,734,536
2025-03-01,MAT-029,ea,716,536
2025-03-02,MAT-029,ea,1053,536
2025-03-03,MAT-029,ea,998,536
2025-03-04,MAT-029,ea,998,536
2025-03-05,MAT-029,ea,936,536
2025-03-06,MAT-029,ea,885,536
2025-03-07,MAT-029,ea,831,536
2025-03-08,MAT-029,ea,823,536
2025-03-09,MAT-029,ea,768,536
2025-03-10,MAT-029,ea,755,536
2025-03-11,MAT-029,ea,709,536
2025-03-12,MAT-029,ea,1076,536
2025-03-13,MAT-029,ea,1025,536
2025-03-14,MAT-029,ea,973,536
2025-03-15,MAT-029,ea,921,536
2025-03-16,MAT-029,ea,896,536
2025-03-17,MAT-029,ea,832,536
2025-03-18,MAT-029,ea,806,536
2025-03-19,MAT-029,ea,783,536
2025-03-20,MAT-029,ea,709,536
2025-03-21,MAT-029,ea,680,536
2025-03-22,MAT-029,ea,1035,536
2025-03-23,MAT-029,ea,1024,536
2025-03-24,MAT-029,ea,952,536
2025-03-25,MAT-029,ea,914,536
2025-03-26,MAT-029,ea,903,536
2025-03-27,MAT-029,ea,838,536
2025-03-28,MAT-029,ea,838,536
2025-03-29,MAT-029,ea,793,536
2025-03-30,MAT-029,ea,718,536
2025-03-31,MAT-029,ea,718,536
2025-01-01,MAT-030,kg,1072.498,548.000
2025-01-02,MAT-030,kg,1045.871,548.000
2025-01-03,MAT-030,kg,996.570,548.000
2025-01-04,MAT-030,kg,979.986,548.000
2025-01-05,MAT-030,kg,956.942,548.000
2025-01-06,MAT-030,kg,911.410,548.000
2025-01-07,MAT-030,kg,846.277,548.000
2025-01-08,MAT-030,kg,830.505,548.000
2025-01-09,MAT-030,kg,766.766,548.000
2025-01-10,MAT-030,kg,747.742,548.000
2025-01-11,MAT-030,kg,702.680,548.000
2025-01-12,MAT-030,kg,1059.332,548.000
2025-01-13,MAT-030,kg,1066.154,548.000
2025-01-14,MAT-030,kg,1009.737,548.000
2025-01-15,MAT-030,kg,986.152,548.000
2025-01-16,MAT-030,kg,947.120,548.000
2025-01-17,MAT-030,kg,865.402,548.000
2025-01-18,MAT-030,kg,867.764,548.000
2025-01-19,MAT-030,kg,843.748,548.000
2025-01-20,MAT-030,kg,777.998,548.000
2025-01-21,MAT-030,kg,747.278,548.000
2025-01-22,MAT-030,kg,697.715,548.000
2025-01-23,MAT-030,kg,1055.986,548.000
2025-01-24,MAT-030,kg,1063.441,548.000
2025-01-25,MAT-030,kg,1019.935,548.000
2025-01-26,MAT-030,kg,951.344,548.000
2025-01-27,MAT-030,kg,904.407,548.000
2025-01-28,MAT-030,kg,898.991,548.000
2025-01-29,MAT-030,kg,862.146,548.000
2025-01-30,MAT-030,kg,818.561,548.000
2025-01-31,MAT-030,kg,792.573,548.000
2025-02-01,MAT-030,kg,716.526,548.000
2025-02-02,MAT-030,kg,721.602,548.000
2025-02-03,MAT-030,kg,1062.003,548.000
2025-02-04,MAT-030,kg,1021.326,548.000
2025-02-05,MAT-030,kg,980.276,548.000
2025-02-06,MAT-030,kg,962.670,548.000
2025-02-07,MAT-030,kg,935.644,548.000
2025-02-08,MAT-030,kg,909.164,548.000
2025-02-09,MAT-030,kg,868.431,548.000
2025-02-10,MAT-030,kg,812.842,548.000
2025-02-11,MAT-030,kg,802.622,548.000
2025-02-12,MAT-030,kg,722.257,548.000
2025-02-13,MAT-030,kg,732.083,548.000
2025-02-14,MAT-030,kg,1068.719,548.000
2025-02-15,MAT-030,kg,1022.509,548.000
2025-02-16,MAT-030,kg,987.447,548.000
2025-02-17,MAT-030,kg,979.737,548.000
2025-02-18,MAT-030,kg,942.613,548.000
2025-02-19,MAT-030,kg,901.425,548.000
2025-02-20,MAT-030,kg,835.371,548.000
2025-02-21,MAT-030,kg,801.693,548.000
2025-02-22,MAT-030,kg,799.934,548.000
2025-02-23,MAT-030,kg,741.556,548.000
2025-02-24,MAT-030,kg,693.713,548.000
2025-02-25,MAT-030,kg,1065.180,548.000
2025-02-26,MAT-030,kg,1055.512,548.000
2025-02-27,MAT-030,kg,1023.322,548.000
2025-02-28,MAT-030,kg,966.867,548.000
2025-03-01,MAT-030,kg,919.199,548.000
2025-03-02,MAT-030,kg,897.012,548.000
2025-03-03,MAT-030,kg,828.722,548.000
2025-03-04,MAT-030,kg,836.336,548.000
2025-03-05,MAT-030,kg,791.557,548.000
2025-03-06,MAT-030,kg,739.556,548.000
2025-03-07,MAT-030,kg,681.188,548.000
2025-03-08,MAT-030,kg,1059.002,548.000
2025-03-09,MAT-030,kg,1046.525,548.000
2025-03-10,MAT-030,kg,980.370,548.000
2025-03-11,MAT-030,kg,978.937,548.000
2025-03-12,MAT-030,kg,939.660,548.000
2025-03-13,MAT-030,kg,874.377,548.000
2025-03-14,MAT-030,kg,849.604,548.000
2025-03-15,MAT-030,kg,833.033,548.000
2025-03-16,MAT-030,kg,769.036,548.000
2025-03-17,MAT-030,kg,737.956,548.000
2025-03-18,MAT-030,kg,710.499,548.000
2025-03-19,MAT-030,kg,1074.068,548.000
2025-03-20,MAT-030,kg,1066.254,548.000
2025-03-21,MAT-030,kg,1013.821,548.000
2025-03-22,MAT-030,kg,976.187,548.000
2025-03-23,MAT-030,kg,910.179,548.000
2025-03-24,MAT-030,kg,905.014,548.000
2025-03-25,MAT-030,kg,859.356,548.000
2025-03-26,MAT-030,kg,800.560,548.000
2025-03-27,MAT-030,kg,755.096,548.000
2025-03-28,MAT-030,kg,760.434,548.000
2025-03-29,MAT-030,kg,725.558,548.000
2025-03-30,MAT-030,kg,1063.176,548.000
2025-03-31,MAT-030,kg,1035.440,548.000
2025-01-01,MAT-031,m,1106.099,560.000
2025-01-02,MAT-031,m,1039.711,560.000
2025-01-03,MAT-031,m,959.307,560.000
2025-01-04,MAT-031,m,910.893,560.000
2025-01-05,MAT-031,m,881.951,560.000
2025-01-06,MAT-031,m,778.471,560.000
2025-01-07,MAT-031,m,734.058,560.000
2025-01-08,MAT-031,m,1128.547,560.000
2025-01-09,MAT-031,m,1016.474,560.000
2025-01-10,MAT-031,m,959.125,560.000
2025-01-11,MAT-031,m,896.270,560.000
2025-01-12,MAT-031,m,878.587,560.000
2025-01-13,MAT-031,m,814.205,560.000
2025-01-14,MAT-031,m,750.717,560.000
2025-01-15,MAT-031,m,1110.480,560.000
2025-01-16,MAT-031,m,1063.830,560.000
2025-01-17,MAT-031,m,980.573,560.000
2025-01-18,MAT-031,m,951.114,560.000
2025-01-19,MAT-031,m,883.568,560.000
2025-01-20,MAT-031,m,806.465,560.000
2025-01-21,MAT-031,m,767.675,560.000
2025-01-22,MAT-031,m,1078.827,560.000
2025-01-23,MAT-031,m,1071.099,560.000
2025-01-24,MAT-031,m,1008.406,560.000
2025-01-25,MAT-031,m,943.970,560.000
2025-01-26,MAT-031,m,887.641,560.000
2025-01-27,MAT-031,m,825.996,560.000
2025-01-28,MAT-031,m,718.947,560.000
2025-01-29,MAT-031,m,1121.776,560.000
2025-01-30,MAT-031,m,1030.685,560.000
2025-01-31,MAT-031,m,962.754,560.000
2025-02-01,MAT-031,m,898.649,560.000
2025-02-02,MAT-031,m,844.177,560.000
2025-02-03,MAT-031,m,783.116,560.000
2025-02-04,MAT-031,m,751.247,560.000
2025-02-05,MAT-031,m,1095.225,560.000
2025-02-06,MAT-031,m,1046.142,560.000
2025-02-07,MAT-031,m,977.660,560.000
2025-02-08,MAT-031,m,917.498,560.000
2025-02-09,MAT-031,m,872.157,560.000
2025-02-10,MAT-031,m,809.895,560.000
2025-02-11,MAT-031,m,764.396,560.000
2025-02-12,MAT-031,m,1082.689,560.000
2025-02-13,MAT-031,m,1021.766,560.000
2025-02-14,MAT-031,m,994.904,560.000
2025-02-15,MAT-031,m,932.030,560.000
2025-02-16,MAT-031,m,855.932,560.000
2025-02-17,MAT-031,m,806.904,560.000
2025-02-18,MAT-031,m,741.455,560.000
2025-02-19,MAT-031,m,1082.221,560.000
2025-02-20,MAT-031,m,1053.737,560.000
2025-02-21,MAT-031,m,968.818,560.000
2025-02-22,MAT-031,m,938.925,560.000
2025-02-23,MAT-031,m,849.507,560.000
2025-02-24,MAT-031,m,829.185,560.000
2025-02-25,MAT-031,m,756.829,560.000
2025-02-26,MAT-031,m,1099.750,560.000
2025-02-27,MAT-031,m,1031.404,560.000
2025-02-28,MAT-031,m,967.085,560.000
2025-03-01,MAT-031,m,909.086,560.000
2025-03-02,MAT-031,m,844.136,560.000
2025-03-03,MAT-031,m,801.969,560.000
2025-03-04,MAT-031,m,722.696,560.000
2025-03-05,MAT-031,m,1119.399,560.000
2025-03-06,MAT-031,m,1069.827,560.000
2025-03-07,MAT-031,m,964.026,560.000
2025-03-08,MAT-031,m,925.497,560.000
2025-03-09,MAT-031,m,836.706,560.000
2025-03-10,MAT-031,m,828.096,560.000
2025-03-11,MAT-031,m,751.908,560.000
2025-03-12,MAT-031,m,1117.085,560.000
2025-03-13,MAT-031,m,1025.701,560.000
2025-03-14,MAT-031,m,987.907,560.000
2025-03-15,MAT-031,m,949.913,560.000
2025-03-16,MAT-031,m,862.189,560.000
2025-03-17,MAT-031,m,783.347,560.000
2025-03-18,MAT-031,m,768.901,560.000
2025-03-19,MAT-031,m,1115.931,560.000
2025-03-20,MAT-031,m,1053.631,560.000
2025-03-21,MAT-031,m,982.220,560.000
2025-03-22,MAT-031,m,944.821,560.000
2025-03-23,MAT-031,m,841.128,560.000
2025-03-24,MAT-031,m,793.287,560.000
2025-03-25,MAT-031,m,734.854,560.000
2025-03-26,MAT-031,m,1121.565,560.000
2025-03-27,MAT-031,m,1021.451,560.000
2025-03-28,MAT-031,m,987.087,560.000
2025-03-29,MAT-031,m,926.586,560.000
2025-03-30,MAT-031,m,863.322,560.000
2025-03-31,MAT-031,m,800.810,560.000
2025-01-01,MAT-032,l,1151.478,572.000
2025-01-02,MAT-032,l,1062.395,572.000
2025-01-03,MAT-032,l,1038.140,572.000
2025-01-04,MAT-032,l,977.398,572.000
2025-01-05,MAT-032,l,934.443,572.000
2025-01-06,MAT-032,l,862.177,572.000
2025-01-07,MAT-032,l,831.166,572.000
2025-01-08,MAT-032,l,754.434,572.000
2025-01-09,MAT-032,l,1117.795,572.000
2025-01-10,MAT-032,l,1075.872,572.000
2025-01-11,MAT-032,l,1000.475,572.000
2025-01-12,MAT-032,l,953.347,572.000
2025-01-13,MAT-032,l,884.266,572.000
2025-01-14,MAT-032,l,878.220,572.000
2025-01-15,MAT-032,l,810.616,572.000
2025-01-16,MAT-032,l,770.971,572.000
2025-01-17,MAT-032,l,1138.522,572.000
2025-01-18,MAT-032,l,1098.856,572.000
2025-01-19,MAT-032,l,992.046,572.000
2025-01-20,MAT-032,l,940.980,572.000
2025-01-21,MAT-032,l,939.093,572.000
2025-01-22,MAT-032,l,848.199,572.000
2025-01-23,MAT-032,l,788.566,572.000
2025-01-24,MAT-032,l,775.656,572.000
2025-01-25,MAT-032,l,1129.949,572.000
2025-01-26,MAT-032,l,1070.466,572.000
2025-01-27,MAT-032,l,1045.738,572.000
2025-01-28,MAT-032,l,966.382,572.000
2025-01-29,MAT-032,l,928.313,572.000
2025-01-30,MAT-032,l,848.727,572.000
2025-01-31,MAT-032,l,828.462,572.000
2025-02-01,MAT-032,l,749.973,572.000
2025-02-02,MAT-032,l,1111.048,572.000
2025-02-03,MAT-032,l,1089.860,572.000
2025-02-04,MAT-032,l,1024.796,572.000
2025-02-05,MAT-032,l,954.514,572.000
2025-02-06,MAT-032,l,899.695,572.000
2025-02-07,MAT-032,l,849.841,572.000
2025-02-08,MAT-032,l,783.018,572.000
2025-02-09,MAT-032,l,774.691,572.000
2025-02-10,MAT-032,l,1100.825,572.000
2025-02-11,MAT-032,l,1050.432,572.000
2025-02-12,MAT-032,l,1022.161,572.000
2025-02-13,MAT-032,l,975.342,572.000
2025-02-14,MAT-032,l,939.258,572.000
2025-02-15,MAT-032,l,845.833,572.000
2025-02-16,MAT-032,l,781.070,572.000
2025-02-17,MAT-032,l,748.416,572.000
2025-02-18,MAT-032,l,1109.115,572.000
2025-02-19,MAT-032,l,1054.528,572.000
2025-02-20,MAT-032,l,1033.186,572.000
2025-02-21,MAT-032,l,971.442,572.000
2025-02-22,MAT-032,l,907.414,572.000
2025-02-23,MAT-032,l,887.000,572.000
2025-02-24,MAT-032,l,787.615,572.000
2025-02-25,MAT-032,l,776.905,572.000
2025-02-26,MAT-032,l,1133.752,572.000
2025-02-27,MAT-032,l,1056.792,572.000
2025-02-28,MAT-032,l,1004.706,572.000
2025-03-01,MAT-032,l,973.838,572.000
2025-03-02,MAT-032,l,900.462,572.000
2025-03-03,MAT-032,l,844.379,572.000
2025-03-04,MAT-032,l,777.929,572.000
2025-03-05,MAT-032,l,726.048,572.000
2025-03-06,MAT-032,l,1154.752,572.000
2025-03-07,MAT-032,l,1095.363,572.000
2025-03-08,MAT-032,l,999.770,572.000
2025-03-09,MAT-032,l,965.269,572.000
2025-03-10,MAT-032,l,906.541,572.000
2025-03-11,MAT-032,l,849.807,572.000
2025-03-12,MAT-032,l,803.782,572.000
2025-03-13,MAT-032,l,733.933,572.000
2025-03-14,MAT-032,l,1113.320,572.000
2025-03-15,MAT-032,l,1080.438,572.000
2025-03-16,MAT-032,l,1038.807,572.000
2025-03-17,MAT-032,l,941.059,572.000
2025-03-18,MAT-032,l,893.567,572.000
2025-03-19,MAT-032,l,882.520,572.000
2025-03-20,MAT-032,l,789.222,572.000
2025-03-21,MAT-032,l,772.023,572.000
2025-03-22,MAT-032,l,1138.780,572.000
2025-03-23,MAT-032,l,1053.708,572.000
2025-03-24,MAT-032,l,1002.900,572.000
2025-03-25,MAT-032,l,942.801,572.000
2025-03-26,MAT-032,l,888.985,572.000
2025-03-27,MAT-032,l,858.728,572.000
2025-03-28,MAT-032,l,814.194,572.000
2025-03-29,MAT-032,l,754.171,572.000
2025-03-30,MAT-032,l,1105.425,572.000
2025-03-31,MAT-032,l,1061.307,572.000
2025-01-01,MAT-033,ea,1145,584
2025-01-02,MAT-033,ea,1125,584
2025-01-03,MAT-033,ea,1072,584
2025-01-04,MAT-033,ea,1022,584
2025-01-05,MAT-033,ea,980,584
2025-01-06,MAT-033,ea,900,584
2025-01-07,MAT-033,ea,858,584
2025-01-08,MAT-033,ea,783,584
2025-01-09,MAT-033,ea,762,584
2025-01-10,MAT-033,ea,1156,584
2025-01-11,MAT-033,ea,1084,584
2025-01-12,MAT-033,ea,1040,584
2025-01-13,MAT-033,ea,979,584
2025-01-14,MAT-033,ea,950,584
2025-01-15,MAT-033,ea,884,584
2025-01-16,MAT-033,ea,870,584
2025-01-17,MAT-033,ea,811,584
2025-01-18,MAT-033,ea,756,584
2025-01-19,MAT-033,ea,1125,584
2025-01-20,MAT-033,ea,1081,584
2025-01-21,MAT-033,ea,1032,584
2025-01-22,MAT-033,ea,1023,584
2025-01-23,MAT-033,ea,961,584
2025-01-24,MAT-033,ea,914,584
2025-01-25,MAT-033,ea,872,584
2025-01-26,MAT-033,ea,790,584
2025-01-27,MAT-033,ea,758,584
2025-01-28,MAT-033,ea,1175,584
2025-01-29,MAT-033,ea,1125,584
2025-01-30,MAT-033,ea,1046,584
2025-01-31,MAT-033,ea,991,584
2025-02-01,MAT-033,ea,956,584
2025-02-02,MAT-033,ea,894,584
2025-02-03,MAT-033,ea,859,584
2025-02-04,MAT-033,ea,795,584
2025-02-05,MAT-033,ea,754,584
2025-02-06,MAT-033,ea,1136,584
2025-02-07,MAT-033,ea,1118,584
2025-02-08,MAT-033,ea,1032,584
2025-02-09,MAT-033,ea,1020,584
2025-02-10,MAT-033,ea,980,584
2025-02-11,MAT-033,ea,899,584
2025-02-12,MAT-033,ea,835,584
2025-02-13,MAT-033,ea,812,584
2025-02-14,MAT-033,ea,737,584
2025-02-15,MAT-033,ea,1163,584
2025-02-16,MAT-033,ea,1109,584
2025-02-17,MAT-033,ea,1028,584
2025-02-18,MAT-033,ea,996,584
2025-02-19,MAT-033,ea,941,584
2025-02-20,MAT-033,ea,897,584
2025-02-21,MAT-033,ea,887,584
2025-02-22,MAT-033,ea,783,584
2025-02-23,MAT-033,ea,775,584
2025-02-24,MAT-033,ea,1131,584
2025-02-25,MAT-033,ea,1122,584
2025-02-26,MAT-033,ea,1061,584
2025-02-27,MAT-033,ea,986,584
2025-02-28,MAT-033,ea,966,584
2025-03-01,MAT-033,ea,880,584
2025-03-02,MAT-033,ea,843,584
2025-03-03,MAT-033,ea,785,584
2025-03-04,MAT-033,ea,790,584
2025-03-05,MAT-033,ea,1165,584
2025-03-06,MAT-033,ea,1074,584
2025-03-07,MAT-033,ea,1058,584
2025-03-08,MAT-033,ea,1026,584
2025-03-09,MAT-033,ea,940,584
2025-03-10,MAT-033,ea,884,584
2025-03-11,MAT-033,ea,876,584
2025-03-12,MAT-033,ea,807,584
2025-03-13,MAT-033,ea,767,584
2025-03-14,MAT-033,ea,1171,584
2025-03-15,MAT-033,ea,1117,584
2025-03-16,MAT-033,ea,1066,584
2025-03-17,MAT-033,ea,989,584
2025-03-18,MAT-033,ea,969,584
2025-03-19,MAT-033,ea,900,584
2025-03-20,MAT-033,ea,849,584
2025-03-21,MAT-033,ea,812,584
2025-03-22,MAT-033,ea,764,584
2025-03-23,MAT-033,ea,1179,584
2025-03-24,MAT-033,ea,1083,584
2025-03-25,MAT-033,ea,1036,584
2025-03-26,MAT-033,ea,994,584
2025-03-27,MAT-033,ea,955,584
2025-03-28,MAT-033,ea,879,584
2025-03-29,MAT-033,ea,863,584
2025-03-30,MAT-033,ea,798,584
2025-03-31,MAT-033,ea,785,584
2025-01-01,MAT-034,kg,1172.614,596.000
2025-01-02,MAT-034,kg,1155.121,596.000
2025-01-03,MAT-034,kg,1102.776,596.000
2025-01-04,MAT-034,kg,1034.416,596.000
2025-01-05,MAT-034,kg,978.286,596.000
2025-01-06,MAT-034,kg,963.927,596.000
2025-01-07,MAT-034,kg,918.876,596.000
2025-01-08,MAT-034,kg,853.114,596.000
2025-01-09,MAT-034,kg,792.441,596.000
2025-01-10,MAT-034,kg,792.355,596.000
2025-01-11,MAT-034,kg,1159.716,596.000
2025-01-12,MAT-034,kg,1151.134,596.000
2025-01-13,MAT-034,kg,1082.114,596.000
2025-01-14,MAT-034,kg,1027.496,596.000
2025-01-15,MAT-034,kg,967.764,596.000
2025-01-16,MAT-034,kg,933.294,596.000
2025-01-17,MAT-034,kg,909.185,596.000
2025-01-18,MAT-034,kg,875.096,596.000
2025-01-19,MAT-034,kg,820.546,596.000
2025-01-20,MAT-034,kg,795.390,596.000
2025-01-21,MAT-034,kg,1201.828,596.000
2025-01-22,MAT-034,kg,1129.871,596.000
2025-01-23,MAT-034,kg,1079.144,596.000
2025-01-24,MAT-034,kg,1051.687,596.000
2025-01-25,MAT-034,kg,974.009,596.000
2025-01-26,MAT-034,kg,948.536,596.000
2025-01-27,MAT-034,kg,913.380,596.000
2025-01-28,MAT-034,kg,832.312,596.000
2025-01-29,MAT-034,kg,824.243,596.000
2025-01-30,MAT-034,kg,758.849,596.000
2025-01-31,MAT-034,kg,1162.247,596.000
2025-02-01,MAT-034,kg,1135.408,596.000
2025-02-02,MAT-034,kg,1081.184,596.000
2025-02-03,MAT-034,kg,1027.219,596.000
2025-02-04,MAT-034,kg,1001.850,596.000
2025-02-05,MAT-034,kg,943.027,596.000
2025-02-06,MAT-034,kg,895.171,596.000
2025-02-07,MAT-034,kg,849.345,596.000
2025-02-08,MAT-034,kg,792.053,596.000
2025-02-09,MAT-034,kg,781.548,596.000
2025-02-10,MAT-034,kg,1153.981,596.000
2025-02-11,MAT-034,kg,1135.689,596.000
2025-02-12,MAT-034,kg,1111.718,596.000
2025-02-13,MAT-034,kg,1013.931,596.000
2025-02-14,MAT-034,kg,992.453,596.000
2025-02-15,MAT-034,kg,968.845,596.000
2025-02-16,MAT-034,kg,915.586,596.000
2025-02-17,MAT-034,kg,888.235,596.000
2025-02-18,MAT-034,kg,793.570,596.000
2025-02-19,MAT-034,kg,779.934,596.000
2025-02-20,MAT-034,kg,1177.389,596.000
2025-02-21,MAT-034,kg,1102.315,596.000
2025-02-22,MAT-034,kg,1087.886,596.000
2025-02-23,MAT-034,kg,1023.114,596.000
2025-02-24,MAT-034,kg,1013.417,596.000
2025-02-25,MAT-034,kg,964.089,596.000
2025-02-26,MAT-034,kg,880.171,596.000
2025-02-27,MAT-034,kg,873.537,596.000
2025-02-28,MAT-034,kg,818.806,596.000
2025-03-01,MAT-034,kg,767.134,596.000
2025-03-02,MAT-034,kg,1174.272,596.000
2025-03-03,MAT-034,kg,1123.768,596.000
2025-03-04,MAT-034,kg,1096.313,596.000
2025-03-05,MAT-034,kg,1060.522,596.000
2025-03-06,MAT-034,kg,1013.812,596.000
2025-03-07,MAT-034,kg,953.291,596.000
2025-03-08,MAT-034,kg,905.929,596.000
2025-03-09,MAT-034,kg,882.322,596.000
2025-03-10,MAT-034,kg,801.577,596.000
2025-03-11,MAT-034,kg,793.849,596.000
2025-03-12,MAT-034,kg,1164.388,596.000
2025-03-13,MAT-034,kg,1108.971,596.000
2025-03-14,MAT-034,kg,1075.131,596.000
2025-03-15,MAT-034,kg,1038.007,596.000
2025-03-16,MAT-034,kg,1011.940,596.000
2025-03-17,MAT-034,kg,947.326,596.000
2025-03-18,MAT-034,kg,884.378,596.000
2025-03-19,MAT-034,kg,832.333,596.000
2025-03-20,MAT-034,kg,823.120,596.000
2025-03-21,MAT-034,kg,751.229,596.000
2025-03-22,MAT-034,kg,1176.630,596.000
2025-03-23,MAT-034,kg,1132.492,596.000
2025-03-24,MAT-034,kg,1086.915,596.000
2025-03-25,MAT-034,kg,1041.998,596.000
2025-03-26,MAT-034,kg,1006.155,596.000
2025-03-27,MAT-034,kg,940.415,596.000
2025-03-28,MAT-034,kg,927.907,596.000
2025-03-29,MAT-034,kg,843.941,596.000
2025-03-30,MAT-034,kg,807.139,596.000
2025-03-31,MAT-034,kg,747.682,596.000
2025-01-01,MAT-035,m,1203.312,608.000
2025-01-02,MAT-035,m,1160.238,608.000
2025-01-03,MAT-035,m,1106.597,608.000
2025-01-04,MAT-035,m,1060.700,608.000
2025-01-05,MAT-035,m,1048.202,608.000
2025-01-06,MAT-035,m,996.111,608.000
2025-01-07,MAT-035,m,934.455,608.000
2025-01-08,MAT-035,m,886.071,608.000
2025-01-09,MAT-035,m,853.276,608.000
2025-01-10,MAT-035,m,800.496,608.000
2025-01-11,MAT-035,m,764.792,608.000
2025-01-12,MAT-035,m,1175.347,608.000
2025-01-13,MAT-035,m,1136.150,608.000
2025-01-14,MAT-035,m,1135.833,608.000
2025-01-15,MAT-035,m,1065.940,608.000
2025-01-16,MAT-035,m,1030.807,608.000
2025-01-17,MAT-035,m,992.861,608.000
2025-01-18,MAT-035,m,929.226,608.000
2025-01-19,MAT-035,m,902.385,608.000
2025-01-20,MAT-035,m,880.931,608.000
2025-01-21,MAT-035,m,796.382,608.000
2025-01-22,MAT-035,m,767.647,608.000
2025-01-23,MAT-035,m,1224.176,608.000
2025-01-24,MAT-035,m,1167.893,608.000
2025-01-25,MAT-035,m,1094.393,608.000
2025-01-26,MAT-035,m,1067.159,608.000
2025-01-27,MAT-035,m,1035.528,608.000
2025-01-28,MAT-035,m,962.376,608.000
2025-01-29,MAT-035,m,944.560,608.000
2025-01-30,MAT-035,m,883.807,608.000
2025-01-31,MAT-035,m,881.484,608.000
2025-02-01,MAT-035,m,850.842,608.000
2025-02-02,MAT-035,m,772.291,608.000
2025-02-03,MAT-035,m,1207.924,608.000
2025-02-04,MAT-035,m,1148.662,608.000
2025-02-05,MAT-035,m,1101.782,608.000
2025-02-06,MAT-035,m,1090.691,608.000
2025-02-07,MAT-035,m,1041.182,608.000
2025-02-08,MAT-035,m,985.654,608.000
2025-02-09,MAT-035,m,976.403,608.000
2025-02-10,MAT-035,m,879.467,608.000
2025-02-11,MAT-035,m,859.504,608.000
2025-02-12,MAT-035,m,850.743,608.000
2025-02-13,MAT-035,m,811.340,608.000
2025-02-14,MAT-035,m,1220.989,608.000
2025-02-15,MAT-035,m,1141.821,608.000
2025-02-16,MAT-035,m,1120.365,608.000
2025-02-17,MAT-035,m,1091.923,608.000
2025-02-18,MAT-035,m,1029.676,608.000
2025-02-19,MAT-035,m,1005.493,608.000
2025-02-20,MAT-035,m,977.091,608.000
2025-02-21,MAT-035,m,912.653,608.000
2025-02-22,MAT-035,m,865.489,608.000
2025-02-23,MAT-035,m,853.507,608.000
2025-02-24,MAT-035,m,805.098,608.000
2025-02-25,MAT-035,m,1202.703,608.000
2025-02-26,MAT-035,m,1164.343,608.000
2025-02-27,MAT-035,m,1103.832,608.000
2025-02-28,MAT-035,m,1061.643,608.000
2025-03-01,MAT-035,m,1044.905,608.000
2025-03-02,MAT-035,m,961.901,608.000
2025-03-03,MAT-035,m,937.992,608.000
2025-03-04,MAT-035,m,904.487,608.000
2025-03-05,MAT-035,m,866.122,608.000
2025-03-06,MAT-035,m,830.613,608.000
2025-03-07,MAT-035,m,784.439,608.000
2025-03-08,MAT-035,m,1177.521,608.000
2025-03-09,MAT-035,m,1143.292,608.000
2025-03-10,MAT-035,m,1108.368,608.000
2025-03-11,MAT-035,m,1088.191,608.000
2025-03-12,MAT-035,m,1015.202,608.000
2025-03-13,MAT-035,m,995.844,608.000
2025-03-14,MAT-035,m,963.939,608.000
2025-03-15,MAT-035,m,937.310,608.000
2025-03-16,MAT-035,m,879.706,608.000
2025-03-17,MAT-035,m,797.646,608.000
2025-03-18,MAT-035,m,773.459,608.000
2025-03-19,MAT-035,m,1222.482,608.000
2025-03-20,MAT-035,m,1164.997,608.000
2025-03-21,MAT-035,m,1118.938,608.000
2025-03-22,MAT-035,m,1097.413,608.000
2025-03-23,MAT-035,m,1025.953,608.000
2025-03-24,MAT-035,m,1018.889,608.000
2025-03-25,MAT-035,m,935.727,608.000
2025-03-26,MAT-035,m,885.012,608.000
2025-03-27,MAT-035,m,884.600,608.000
2025-03-28,MAT-035,m,837.129,608.000
2025-03-29,MAT-035,m,788.817,608.000
2025-03-30,MAT-035,m,1221.490,608.000
2025-03-31,MAT-035,m,1150.759,608.000
2025-01-01,MAT-036,l,1249.270,620.000
2025-01-02,MAT-036,l,1132.086,620.000
2025-01-03,MAT-036,l,1106.016,620.000
2025-01-04,MAT-036,l,1041.754,620.000
2025-01-05,MAT-036,l,978.685,620.000
2025-01-06,MAT-036,l,859.272,620.000
2025-01-07,MAT-036,l,837.219,620.000
2025-01-08,MAT-036,l,1208.698,620.000
2025-01-09,MAT-036,l,1148.604,620.000
2025-01-10,MAT-036,l,1087.613,620.000
2025-01-11,MAT-036,l,1029.419,620.000
2025-01-12,MAT-036,l,965.042,620.000
2025-01-13,MAT-036,l,861.749,620.000
2025-01-14,MAT-036,l,847.149,620.000
2025-01-15,MAT-036,l,1198.154,620.000
2025-01-16,MAT-036,l,1183.778,620.000
2025-01-17,MAT-036,l,1075.653,620.000
2025-01-18,MAT-036,l,1037.076,620.000
2025-01-19,MAT-036,l,944.255,620.000
2025-01-20,MAT-036,l,881.495,620.000
2025-01-21,MAT-036,l,807.017,620.000
2025-01-22,MAT-036,l,1215.161,620.000
2025-01-23,MAT-036,l,1131.964,620.000
2025-01-24,MAT-036,l,1071.874,620.000
2025-01-25,MAT-036,l,1027.776,620.000
2025-01-26,MAT-036,l,957.753,620.000
2025-01-27,MAT-036,l,904.959,620.000
2025-01-28,MAT-036,l,813.048,620.000
2025-01-29,MAT-036,l,1208.770,620.000
2025-01-30,MAT-036,l,1145.162,620.000
2025-01-31,MAT-036,l,1111.441,620.000
2025-02-01,MAT-036,l,1004.487,620.000
2025-02-02,MAT-036,l,935.380,620.000
2025-02-03,MAT-036,l,899.885,620.000
2025-02-04,MAT-036,l,821.675,620.000
2025-02-05,MAT-036,l,1225.952,620.000
2025-02-06,MAT-036,l,1167.634,620.000
2025-02-07,MAT-036,l,1072.531,620.000
2025-02-08,MAT-036,l,1051.316,620.000
2025-02-09,MAT-036,l,926.252,620.000
2025-02-10,MAT-036,l,878.902,620.000
2025-02-11,MAT-036,l,826.413,620.000
2025-02-12,MAT-036,l,1208.896,620.000
2025-02-13,MAT-036,l,1134.730,620.000
2025-02-14,MAT-036,l,1064.117,620.000
2025-02-15,MAT-036,l,1052.280,620.000
2025-02-16,MAT-036,l,974.056,620.000
2025-02-17,MAT-036,l,890.969,620.000
2025-02-18,MAT-036,l,792.762,620.000
2025-02-19,MAT-036,l,1217.001,620.000
2025-02-20,MAT-036,l,1170.248,620.000
2025-02-21,MAT-036,l,1092.233,620.000
2025-02-22,MAT-036,l,1047.742,620.000
2025-02-23,MAT-036,l,985.604,620.000
2025-02-24,MAT-036,l,868.453,620.000
2025-02-25,MAT-036,l,847.887,620.000
2025-02-26,MAT-036,l,1210.663,620.000
2025-02-27,MAT-036,l,1173.313,620.000
2025-02-28,MAT-036,l,1062.679,620.000
2025-03-01,MAT-036,l,998.139,620.000
2025-03-02,MAT-036,l,981.637,620.000
2025-03-03,MAT-036,l,887.118,620.000
2025-03-04,MAT-036,l,831.301,620.000
2025-03-05,MAT-036,l,1201.675,620.000
2025-03-06,MAT-036,l,1145.833,620.000
2025-03-07,MAT-036,l,1116.989,620.000
2025-03-08,MAT-036,l,1033.091,620.000
2025-03-09,MAT-036,l,958.104,620.000
2025-03-10,MAT-036,l,905.457,620.000
2025-03-11,MAT-036,l,817.199,620.000
2025-03-12,MAT-036,l,1191.493,620.000
2025-03-13,MAT-036,l,1143.584,620.000
2025-03-14,MAT-036,l,1115.063,620.000
2025-03-15,MAT-036,l,999.625,620.000
2025-03-16,MAT-036,l,963.722,620.000
2025-03-17,MAT-036,l,905.798,620.000
2025-03-18,MAT-036,l,807.032,620.000
2025-03-19,MAT-036,l,1225.264,620.000
2025-03-20,MAT-036,l,1153.833,620.000
2025-03-21,MAT-036,l,1084.727,620.000
2025-03-22,MAT-036,l,1042.477,620.000
2025-03-23,MAT-036,l,928.045,620.000
2025-03-24,MAT-036,l,902.374,620.000
2025-03-25,MAT-036,l,813.360,620.000
2025-03-26,MAT-036,l,1209.487,620.000
2025-03-27,MAT-036,l,1125.064,620.000
2025-03-28,MAT-036,l,1098.144,620.000
2025-03-29,MAT-036,l,1026.381,620.000
2025-03-30,MAT-036,l,977.611,620.000
2025-03-31,MAT-036,l,905.808,620.000
2025-01-01,MAT-037,ea,1218,632
2025-01-02,MAT-037,ea,1164,632
2025-01-03,MAT-037,ea,1097,632
2025-01-04,MAT-037,ea,1078,632
2025-01-05,MAT-037,ea,999,632
2025-01-06,MAT-037,ea,926,632
2025-01-07,MAT-037,ea,883,632
2025-01-08,MAT-037,ea,813,632
2025-01-09,MAT-037,ea,1233,632
2025-01-10,MAT-037,ea,1203,632
2025-01-11,MAT-037,ea,1149,632
2025-01-12,MAT-037,ea,1079,632
2025-01-13,MAT-037,ea,1003,632
2025-01-14,MAT-037,ea,942,632
2025-01-15,MAT-037,ea,921,632
2025-01-16,MAT-037,ea,830,632
2025-01-17,MAT-037,ea,1257,632
2025-01-18,MAT-037,ea,1176,632
2025-01-19,MAT-037,ea,1101,632
2025-01-20,MAT-037,ea,1084,632
2025-01-21,MAT-037,ea,1025,632
2025-01-22,MAT-037,ea,974,632
2025-01-23,MAT-037,ea,896,632
2025-01-24,MAT-037,ea,847,632
2025-01-25,MAT-037,ea,1251,632
2025-01-26,MAT-037,ea,1210,632
2025-01-27,MAT-037,ea,1117,632
2025-01-28,MAT-037,ea,1081,632
2025-01-29,MAT-037,ea,1035,632
2025-01-30,MAT-037,ea,973,632
2025-01-31,MAT-037,ea,895,632
2025-02-01,MAT-037,ea,861,632
2025-02-02,MAT-037,ea,1252,632
2025-02-03,MAT-037,ea,1172,632
2025-02-04,MAT-037,ea,1115,632
2025-02-05,MAT-037,ea,1099,632
2025-02-06,MAT-037,ea,1028,632
2025-02-07,MAT-037,ea,965,632
2025-02-08,MAT-037,ea,893,632
2025-02-09,MAT-037,ea,841,632
2025-02-10,MAT-037,ea,1235,632
2025-02-11,MAT-037,ea,1199,632
2025-02-12,MAT-037,ea,1103,632
2025-02-13,MAT-037,ea,1098,632
2025-02-14,MAT-037,ea,1003,632
2025-02-15,MAT-037,ea,955,632
2025-02-16,MAT-037,ea,864,632
2025-02-17,MAT-037,ea,856,632
2025-02-18,MAT-037,ea,1259,632
2025-02-19,MAT-037,ea,1205,632
2025-02-20,MAT-037,ea,1155,632
2025-02-21,MAT-037,ea,1059,632
2025-02-22,MAT-037,ea,1001,632
2025-02-23,MAT-037,ea,977,632
2025-02-24,MAT-037,ea,865,632
2025-02-25,MAT-037,ea,802,632
2025-02-26,MAT-037,ea,1273,632
2025-02-27,MAT-037,ea,1165,632
2025-02-28,MAT-037,ea,1102,632
2025-03-01,MAT-037,ea,1059,632
2025-03-02,MAT-037,ea,1005,632
2025-03-03,MAT-037,ea,919,632
2025-03-04,MAT-037,ea,892,632
2025-03-05,MAT-037,ea,859,632
2025-03-06,MAT-037,ea,1259,632
2025-03-07,MAT-037,ea,1185,632
2025-03-08,MAT-037,ea,1132,632
2025-03-09,MAT-037,ea,1040,632
2025-03-10,MAT-037,ea,1037,632
2025-03-11,MAT-037,ea,968,632
2025-03-12,MAT-037,ea,920,632
2025-03-13,MAT-037,ea,825,632
2025-03-14,MAT-037,ea,1249,632
2025-03-15,MAT-037,ea,1161,632
2025-03-16,MAT-037,ea,1150,632
2025-03-17,MAT-037,ea,1063,632
2025-03-18,MAT-037,ea,1001,632
2025-03-19,MAT-037,ea,962,632
2025-03-20,MAT-037,ea,896,632
2025-03-21,MAT-037,ea,843,632
2025-03-22,MAT-037,ea,1267,632
2025-03-23,MAT-037,ea,1192,632
2025-03-24,MAT-037,ea,1102,632
2025-03-25,MAT-037,ea,1050,632
2025-03-26,MAT-037,ea,1025,632
2025-03-27,MAT-037,ea,924,632
2025-03-28,MAT-037,ea,876,632
2025-03-29,MAT-037,ea,848,632
2025-03-30,MAT-037,ea,1243,632
2025-03-31,MAT-037,ea,1193,632
2025-01-01,MAT-038,kg,1248.646,644.000
2025-01-02,MAT-038,kg,1183.835,644.000
2025-01-03,MAT-038,kg,1170.385,644.000
2025-01-04,MAT-038,kg,1089.465,644.000
2025-01-05,MAT-038,kg,1053.856,644.000
2025-01-06,MAT-038,kg,976.419,644.000
2025-01-07,MAT-038,kg,955.872,644.000
2025-01-08,MAT-038,kg,887.866,644.000
2025-01-09,MAT-038,kg,855.321,644.000
2025-01-10,MAT-038,kg,1299.435,644.000
2025-01-11,MAT-038,kg,1196.924,644.000
2025-01-12,MAT-038,kg,1181.351,644.000
2025-01-13,MAT-038,kg,1120.205,644.000
2025-01-14,MAT-038,kg,1047.485,644.000
2025-01-15,MAT-038,kg,1004.560,644.000
2025-01-16,MAT-038,kg,937.830,644.000
2025-01-17,MAT-038,kg,916.309,644.000
2025-01-18,MAT-038,kg,855.129,644.000
2025-01-19,MAT-038,kg,1293.200,644.000
2025-01-20,MAT-038,kg,1210.854,644.000
2025-01-21,MAT-038,kg,1150.380,644.000
2025-01-22,MAT-038,kg,1132.791,644.000
2025-01-23,MAT-038,kg,1026.290,644.000
2025-01-24,MAT-038,kg,1015.465,644.000
2025-01-25,MAT-038,kg,947.254,644.000
2025-01-26,MAT-038,kg,897.108,644.000
2025-01-27,MAT-038,kg,827.378,644.000
2025-01-28,MAT-038,kg,1253.442,644.000
2025-01-29,MAT-038,kg,1242.674,644.000
2025-01-30,MAT-038,kg,1155.054,644.000
2025-01-31,MAT-038,kg,1133.317,644.000
2025-02-01,MAT-038,kg,1066.176,644.000
2025-02-02,MAT-038,kg,1024.959,644.000
2025-02-03,MAT-038,kg,930.896,644.000
2025-02-04,MAT-038,kg,868.111,644.000
2025-02-05,MAT-038,kg,812.470,644.000
2025-02-06,MAT-038,kg,1273.863,644.000
2025-02-07,MAT-038,kg,1242.802,644.000
2025-02-08,MAT-038,kg,1175.537,644.000
2025-02-09,MAT-038,kg,1106.679,644.000
2025-02-10,MAT-038,kg,1030.741,644.000
2025-02-11,MAT-038,kg,969.010,644.000
2025-02-12,MAT-038,kg,918.245,644.000
2025-02-13,MAT-038,kg,868.970,644.000
2025-02-14,MAT-038,kg,826.988,644.000
2025-02-15,MAT-038,kg,1288.004,644.000
2025-02-16,MAT-038,kg,1211.360,644.000
2025-02-17,MAT-038,kg,1145.689,644.000
2025-02-18,MAT-038,kg,1101.103,644.000
2025-02-19,MAT-038,kg,1052.939,644.000
2025-02-20,MAT-038,kg,1016.664,644.000
2025-02-21,MAT-038,kg,930.498,644.000
2025-02-22,MAT-038,kg,873.142,644.000
2025-02-23,MAT-038,kg,828.639,644.000
2025-02-24,MAT-038,kg,1298.116,644.000
2025-02-25,MAT-038,kg,1191.442,644.000
2025-02-26,MAT-038,kg,1177.145,644.000
2025-02-27,MAT-038,kg,1113.095,644.000
2025-02-28,MAT-038,kg,1061.722,644.000
2025-03-01,MAT-038,kg,1014.978,644.000
2025-03-02,MAT-038,kg,936.897,644.000
2025-03-03,MAT-038,kg,887.801,644.000
2025-03-04,MAT-038,kg,848.125,644.000
2025-03-05,MAT-038,kg,1295.557,644.000
2025-03-06,MAT-038,kg,1198.913,644.000
2025-03-07,MAT-038,kg,1185.512,644.000
2025-03-08,MAT-038,kg,1077.998,644.000
2025-03-09,MAT-038,kg,1078.223,644.000
2025-03-10,MAT-038,kg,994.490,644.000
2025-03-11,MAT-038,kg,935.513,644.000
2025-03-12,MAT-038,kg,441.160,644.000
2025-03-13,MAT-038,kg,542.767,644.000
2025-03-14,MAT-038,kg,404.512,644.000
2025-03-15,MAT-038,kg,484.027,644.000
2025-03-16,MAT-038,kg,370.798,644.000
2025-03-17,MAT-038,kg,367.449,644.000
2025-03-18,MAT-038,kg,386.010,644.000
2025-03-19,MAT-038,kg,974.668,644.000
2025-03-20,MAT-038,kg,923.891,644.000
2025-03-21,MAT-038,kg,875.860,644.000
2025-03-22,MAT-038,kg,869.254,644.000
2025-03-23,MAT-038,kg,1267.468,644.000
2025-03-24,MAT-038,kg,1210.957,644.000
2025-03-25,MAT-038,kg,1179.425,644.000
2025-03-26,MAT-038,kg,1114.284,644.000
2025-03-27,MAT-038,kg,1081.539,644.000
2025-03-28,MAT-038,kg,993.698,644.000
2025-03-29,MAT-038,kg,916.948,644.000
2025-03-30,MAT-038,kg,875.983,644.000
2025-03-31,MAT-038,kg,821.186,644.000
2025-01-01,MAT-039,m,1314.815,656.000
2025-01-02,MAT-039,m,1234.525,656.000
2025-01-03,MAT-039,m,1205.559,656.000
2025-01-04,MAT-039,m,1166.409,656.000
2025-01-05,MAT-039,m,1089.586,656.000
2025-01-06,MAT-039,m,1038.624,656.000
2025-01-07,MAT-039,m,994.387,656.000
2025-01-08,MAT-039,m,980.354,656.000
2025-01-09,MAT-039,m,915.710,656.000
2025-01-10,MAT-039,m,870.315,656.000
2025-01-11,MAT-039,m,1319.549,656.000
2025-01-12,MAT-039,m,1261.113,656.000
2025-01-13,MAT-039,m,1171.645,656.000
2025-01-14,MAT-039,m,1122.750,656.000
2025-01-15,MAT-039,m,1101.275,656.000
2025-01-16,MAT-039,m,1018.989,656.000
2025-01-17,MAT-039,m,991.678,656.000
2025-01-18,MAT-039,m,936.598,656.000
2025-01-19,MAT-039,m,893.342,656.000
2025-01-20,MAT-039,m,870.850,656.000
2025-01-21,MAT-039,m,1288.869,656.000
2025-01-22,MAT-039,m,1264.225,656.000
2025-01-23,MAT-039,m,1224.871,656.000
2025-01-24,MAT-039,m,1168.705,656.000
2025-01-25,MAT-039,m,1066.884,656.000
2025-01-26,MAT-039,m,1030.239,656.000
2025-01-27,MAT-039,m,988.316,656.000
2025-01-28,MAT-039,m,945.887,656.000
2025-01-29,MAT-039,m,894.598,656.000
2025-01-30,MAT-039,m,842.794,656.000
2025-01-31,MAT-039,m,1315.342,656.000
2025-02-01,MAT-039,m,1238.570,656.000
2025-02-02,MAT-039,m,1221.658,656.000
2025-02-03,MAT-039,m,1130.083,656.000
2025-02-04,MAT-039,m,1109.096,656.000
2025-02-05,MAT-039,m,1065.448,656.000
2025-02-06,MAT-039,m,1011.696,656.000
2025-02-07,MAT-039,m,976.708,656.000
2025-02-08,MAT-039,m,907.177,656.000
2025-02-09,MAT-039,m,879.222,656.000
2025-02-10,MAT-039,m,1291.551,656.000
2025-02-11,MAT-039,m,1228.621,656.000
2025-02-12,MAT-039,m,1213.603,656.000
2025-02-13,MAT-039,m,1146.309,656.000
2025-02-14,MAT-039,m,1127.326,656.000
2025-02-15,MAT-039,m,1070.445,656.000
2025-02-16,MAT-039,m,978.274,656.000
2025-02-17,MAT-039,m,929.407,656.000
2025-02-18,MAT-039,m,907.635,656.000
2025-02-19,MAT-039,m,873.856,656.000
2025-02-20,MAT-039,m,1281.695,656.000
2025-02-21,MAT-039,m,1211.519,656.000
2025-02-22,MAT-039,m,1162.122,656.000
2025-02-23,MAT-039,m,1173.738,656.000
2025-02-24,MAT-039,m,1102.252,656.000
2025-02-25,MAT-039,m,1078.667,656.000
2025-02-26,MAT-039,m,991.193,656.000
2025-02-27,MAT-039,m,976.118,656.000
2025-02-28,MAT-039,m,889.302,656.000
2025-03-01,MAT-039,m,854.547,656.000
2025-03-02,MAT-039,m,1303.014,656.000
2025-03-03,MAT-039,m,1268.347,656.000
2025-03-04,MAT-039,m,1172.116,656.000
2025-03-05,MAT-039,m,1122.987,656.000
2025-03-06,MAT-039,m,1121.985,656.000
2025-03-07,MAT-039,m,1071.255,656.000
2025-03-08,MAT-039,m,1013.659,656.000
2025-03-09,MAT-039,m,962.028,656.000
2025-03-10,MAT-039,m,883.220,656.000
2025-03-11,MAT-039,m,819.576,656.000
2025-03-12,MAT-039,m,1279.510,656.000
2025-03-13,MAT-039,m,1264.461,656.000
2025-03-14,MAT-039,m,1189.947,656.000
2025-03-15,MAT-039,m,1132.976,656.000
2025-03-16,MAT-039,m,1075.062,656.000
2025-03-17,MAT-039,m,1019.196,656.000
2025-03-18,MAT-039,m,1025.298,656.000
2025-03-19,MAT-039,m,917.542,656.000
2025-03-20,MAT-039,m,904.836,656.000
2025-03-21,MAT-039,m,865.918,656.000
2025-03-22,MAT-039,m,1309.951,656.000
2025-03-23,MAT-039,m,1258.713,656.000
2025-03-24,MAT-039,m,1196.254,656.000
2025-03-25,MAT-039,m,1123.451,656.000
2025-03-26,MAT-039,m,1104.603,656.000
2025-03-27,MAT-039,m,1066.184,656.000
2025-03-28,MAT-039,m,1006.701,656.000
2025-03-29,MAT-039,m,972.634,656.000
2025-03-30,MAT-039,m,925.370,656.000
2025-03-31,MAT-039,m,848.643,656.000
2025-01-01,MAT-040,l,1332.053,668.000
2025-01-02,MAT-040,l,1246.198,668.000
2025-01-03,MAT-040,l,1233.252,668.000
2025-01-04,MAT-040,l,1150.393,668.000
2025-01-05,MAT-040,l,1151.413,668.000
2025-01-06,MAT-040,l,1106.245,668.000
2025-01-07,MAT-040,l,1054.414,668.000
2025-01-08,MAT-040,l,1002.151,668.000
2025-01-09,MAT-040,l,932.203,668.000
2025-01-10,MAT-040,l,925.663,668.000
2025-01-11,MAT-040,l,883.737,668.000
2025-01-12,MAT-040,l,1314.458,668.000
2025-01-13,MAT-040,l,1261.271,668.000
2025-01-14,MAT-040,l,1225.621,668.000
2025-01-15,MAT-040,l,1147.333,668.000
2025-01-16,MAT-040,l,1154.462,668.000
2025-01-17,MAT-040,l,1081.090,668.000
2025-01-18,MAT-040,l,1026.736,668.000
2025-01-19,MAT-040,l,992.097,668.000
2025-01-20,MAT-040,l,980.284,668.000
2025-01-21,MAT-040,l,908.908,668.000
2025-01-22,MAT-040,l,856.355,668.000
2025-01-23,MAT-040,l,1296.565,668.000
2025-01-24,MAT-040,l,1255.433,668.000
2025-01-25,MAT-040,l,1226.321,668.000
2025-01-26,MAT-040,l,1170.481,668.000
2025-01-27,MAT-040,l,1134.186,668.000
2025-01-28,MAT-040,l,1109.197,668.000
2025-01-29,MAT-040,l,1018.454,668.000
2025-01-30,MAT-040,l,966.727,668.000
2025-01-31,MAT-040,l,939.289,668.000
2025-02-01,MAT-040,l,881.961,668.000
2025-02-02,MAT-040,l,854.242,668.000
2025-02-03,MAT-040,l,1314.250,668.000
2025-02-04,MAT-040,l,1264.325,668.000
2025-02-05,MAT-040,l,1214.775,668.000
2025-02-06,MAT-040,l,1198.073,668.000
2025-02-07,MAT-040,l,1107.933,668.000
2025-02-08,MAT-040,l,1082.521,668.000
2025-02-09,MAT-040,l,1068.425,668.000
2025-02-10,MAT-040,l,1024.119,668.000
2025-02-11,MAT-040,l,979.011,668.000
2025-02-12,MAT-040,l,890.455,668.000
2025-02-13,MAT-040,l,891.942,668.000
2025-02-14,MAT-040,l,1345.045,668.000
2025-02-15,MAT-040,l,1258.608,668.000
2025-02-16,MAT-040,l,1223.536,668.000
2025-02-17,MAT-040,l,1169.933,668.000
2025-02-18,MAT-040,l,1119.837,668.000
2025-02-19,MAT-040,l,1094.447,668.000
2025-02-20,MAT-040,l,1056.498,668.000
2025-02-21,MAT-040,l,979.375,668.000
2025-02-22,MAT-040,l,942.853,668.000
2025-02-23,MAT-040,l,926.909,668.000
2025-02-24,MAT-040,l,854.013,668.000
2025-02-25,MAT-040,l,1330.982,668.000
2025-02-26,MAT-040,l,1280.156,668.000
2025-02-27,MAT-040,l,1257.372,668.000
2025-02-28,MAT-040,l,1209.853,668.000
2025-03-01,MAT-040,l,1130.945,668.000
2025-03-02,MAT-040,l,1092.860,668.000
2025-03-03,MAT-040,l,1019.479,668.000
2025-03-04,MAT-040,l,966.491,668.000
2025-03-05,MAT-040,l,964.157,668.000
2025-03-06,MAT-040,l,892.629,668.000
2025-03-07,MAT-040,l,836.306,668.000
2025-03-08,MAT-040,l,1304.983,668.000
2025-03-09,MAT-040,l,1277.211,668.000
2025-03-10,MAT-040,l,1248.204,668.000
2025-03-11,MAT-040,l,1165.483,668.000
2025-03-12,MAT-040,l,1120.657,668.000
2025-03-13,MAT-040,l,1102.238,668.000
2025-03-14,MAT-040,l,1037.862,668.000
2025-03-15,MAT-040,l,978.100,668.000
2025-03-16,MAT-040,l,936.257,668.000
2025-03-17,MAT-040,l,891.077,668.000
2025-03-18,MAT-040,l,843.562,668.000
2025-03-19,MAT-040,l,1282.910,668.000
2025-03-20,MAT-040,l,1239.603,668.000
2025-03-21,MAT-040,l,1225.103,668.000
2025-03-22,MAT-040,l,1160.761,668.000
2025-03-23,MAT-040,l,1126.172,668.000
2025-03-24,MAT-040,l,1092.062,668.000
2025-03-25,MAT-040,l,1061.056,668.000
2025-03-26,MAT-040,l,993.830,668.000
2025-03-27,MAT-040,l,961.189,668.000
2025-03-28,MAT-040,l,892.846,668.000
2025-03-29,MAT-040,l,828.416,668.000
2025-03-30,MAT-040,l,1340.866,668.000
2025-03-31,MAT-040,l,1263.254,668.000
